{
"lengthUnit": "mil",
"components": {
	"fields": ["COMPONENT_NO", "COMPONENT_NAME", "LAYER", "X_COORDINATE", "Y_COORDINATE", "ANGLE"],
	"rows": [
		[1, "AC_IN", "T", 543, 350.93, 0],
		[2, "BOOT", "T", 2051, 2317, 0],
		[3, "C1", "T", 1842.9, 1260, 90],
		[4, "C2", "T", 2508.44, 1614, 180],
		[5, "C3", "T", 2020.87, 1358, 0],
		[6, "C4", "T", 2007.9, 2562, 180],
		[7, "C5", "T", 2014, 2622, 0],
		[8, "C6", "T", 531, 918, 0],
		[9, "C7", "T", 897, 1140, 270],
		[10, "C8", "T", 1125, 997.3, 90],
		[11, "C9", "T", 1550, 1110, 90],
		[12, "C10", "T", 1977, 922, 180],
		[13, "C11", "T", 2115, 2225, 180],
		[14, "CN5", "T", 2805.25, 993.16, 90],
		[15, "D1", "T", 2461, 1681.83, 180],
		[16, "D2", "T", 2536, 1728, 90],
		[17, "D3", "T", 718, 639, 270],
		[18, "D4", "T", 1323, 739, 270],
		[19, "D5", "T", 2518, 1974, 270],
		[20, "D6", "T", 2518, 1877, 90],
		[21, "D7", "T", 2461, 1774.17, 0],
		[22, "F1", "T", 856, 344, 90],
		[23, "L1", "T", 501, 1223, 0],
		[24, "L2", "T", 1579, 850, 180],
		[25, "PMSensor", "T", 2581, 459.66, 0],
		[26, "Q1", "T", 1973.62, 1159.37, 90],
		[27, "R1", "T", 1125, 1254, 90],
		[28, "R2", "T", 1285, 1303, 0],
		[29, "R3", "T", 1722, 1170.63, 90],
		[30, "R4", "T", 1640, 1170.63, 90],
		[31, "R5", "T", 1085, 414, 90],
		[32, "R6", "T", 2073.5, 2502, 0],
		[33, "R7", "T", 1323, 952, 90],
		[34, "R8", "T", 1164.37, 836, 180],
		[35, "R9", "T", 2694.96, 2179, 0],
		[36, "R10", "T", 2654, 1623, 0],
		[37, "R11", "T", 2073.5, 2455, 0],
		[38, "R12", "T", 2073.5, 2408, 180],
		[39, "R13", "T", 2516, 2116, 45],
		[40, "R14", "T", 2544, 2088, 225],
		[41, "R15", "T", 1680.36, 633.84, 180],
		[42, "R16", "T", 2015, 1477, 0],
		[43, "R17", "T", 2053, 700, 180],
		[44, "R18", "T", 2024, 762, 180],
		[45, "R19", "T", 2716, 1576, 180],
		[46, "RadSens", "T", 1492, 476, 0],
		[47, "SHT1", "T", 2013, 424, 0],
		[48, "SW1", "T", 2546, 1499, 90],
		[49, "U1", "T", 2450, 2566, 0],
		[50, "U2", "T", 1345, 1135, 90],
		[51, "U3", "T", 2740, 1365, 90],
		[52, "USB-C", "T", 2730, 1906, 90],
		[53, "VD1", "T", 2044.66, 1585, 270],
		[54, "VD2", "T", 1545.12, 633.84, 0],
		[55, "PAD1", "T", 1085, 351, 0],
		[56, "PAD1", "B", 1085, 351, 0],
		[57, "PAD2", "T", 2831, 2627.24, 0],
		[58, "PAD2", "B", 2831, 2627.24, 0],
		[59, "PAD3", "T", 2831, 2547.24, 0],
		[60, "PAD3", "B", 2831, 2547.24, 0],
		[61, "PAD4", "T", 2831, 2707.24, 0],
		[62, "PAD4", "B", 2831, 2707.24, 0],
		[63, "PAD5", "T", 2831, 2467.24, 0],
		[64, "PAD5", "B", 2831, 2467.24, 0]
	]
},
"pins": {
	"fields": ["PIN_NO", "PIN_NAME", "PIN_X", "PIN_Y", "LAYER", "PIN_TYPE", "NET_NAME", "NET_TYPE", "PAD_SHAPE", "PAD_SIZEX", "PAD_SIZEY", "HOLE_SIZE", "PAD_ANGLE"],
	"rows": [
		[1, "AC_IN_1", 444.4, 350.93, "T", "DIP", "L_IN", "", "C", 78.74, 78.74, 47.24, 0],
		[2, "AC_IN_1", 444.4, 350.93, "B", "DIP", "L_IN", "", "C", 78.74, 78.74, 47.24, 0],
		[3, "AC_IN_2", 641.6, 350.93, "T", "DIP", "N_IN", "", "C", 78.74, 78.74, 47.24, 0],
		[4, "AC_IN_2", 641.6, 350.93, "B", "DIP", "N_IN", "", "C", 78.74, 78.74, 47.24, 0],
		[5, "BOOT_1", 1964.98, 2317, "T", "SMD", "GND", "GND", "R", 48.42, 53.54, 0, 0],
		[6, "BOOT_2", 2137.02, 2317, "T", "SMD", "$1N50749", "", "R", 48.42, 53.54, 0, 0],
		[7, "C1_1", 1842.9, 1212.76, "T", "SMD", "VDD5V", "", "R", 59.05, 53.5, 0, 90],
		[8, "C1_2", 1842.9, 1307.24, "T", "SMD", "GND", "GND", "R", 59.05, 53.5, 0, 90],
		[9, "C2_1", 2536, 1614, "T", "SMD", "VDD5V", "", "R", 31.5, 35.43, 0, 180],
		[10, "C2_2", 2480.88, 1614, "T", "SMD", "GND", "GND", "R", 31.5, 35.43, 0, 180],
		[11, "C3_1", 1973.63, 1358, "T", "SMD", "VDD3V3", "", "R", 59.05, 53.5, 0, 0],
		[12, "C3_2", 2068.11, 1358, "T", "SMD", "GND", "GND", "R", 59.05, 53.5, 0, 0],
		[13, "C4_1", 2035.46, 2562, "T", "SMD", "VDD3V3", "", "R", 31.5, 35.43, 0, 180],
		[14, "C4_2", 1980.34, 2562, "T", "SMD", "GND", "GND", "R", 31.5, 35.43, 0, 180],
		[15, "C5_1", 1992.54, 2622, "T", "SMD", "GND", "GND", "R", 31.11, 21.26, 0, 0],
		[16, "C5_2", 2035.46, 2622, "T", "SMD", "VDD3V3", "", "R", 31.11, 21.26, 0, 0],
		[17, "C6_1", 402.37, 918, "T", "SMD", "$1N20123", "", "R", 165.35, 55.12, 0, 0],
		[18, "C6_2", 659.63, 918, "T", "SMD", "$1N20129", "", "R", 165.35, 55.12, 0, 0],
		[19, "C7_1", 897, 1268.63, "T", "SMD", "$1N20128", "", "R", 165.35, 55.12, 0, 270],
		[20, "C7_2", 897, 1011.37, "T", "SMD", "$1N20129", "", "R", 165.35, 55.12, 0, 270],
		[21, "C8_1", 1125, 934.6, "T", "SMD", "$1N20129", "", "R", 58.47, 68.03, 0, 90],
		[22, "C8_2", 1125, 1060, "T", "SMD", "$1N20128", "", "R", 58.47, 68.03, 0, 90],
		[23, "C9_1", 1550, 1070.63, "T", "SMD", "GNDS", "", "R", 55.51, 53.15, 0, 90],
		[24, "C9_2", 1550, 1149.37, "T", "SMD", "$1N20117", "", "R", 55.51, 53.15, 0, 90],
		[25, "C10_1", 1842.9, 922, "T", "SMD", "VDD5V", "", "R", 86.02, 148.82, 0, 0],
		[26, "C10_2", 2111.1, 922, "T", "SMD", "GND", "GND", "R", 86.02, 148.82, 0, 0],
		[27, "C11_1", 2136.46, 2225, "T", "SMD", "$1N50749", "", "R", 31.11, 21.26, 0, 180],
		[28, "C11_2", 2093.54, 2225, "T", "SMD", "GND", "GND", "R", 31.11, 21.26, 0, 180],
		[29, "CN5_1", 2738.32, 934.11, "T", "SMD", "GND", "GND", "R", 19.68, 66.93, 0, 90],
		[30, "CN5_2", 2738.32, 973.48, "T", "SMD", "GPS_RX", "", "R", 19.68, 66.93, 0, 90],
		[31, "CN5_3", 2738.32, 1012.85, "T", "SMD", "GPS_TX", "", "R", 19.68, 66.93, 0, 90],
		[32, "CN5_4", 2738.32, 1052.22, "T", "SMD", "VDD3V3", "", "R", 19.68, 66.93, 0, 90],
		[33, "CN5_5", 2872.18, 1095.52, "T", "SMD", "CN5_5", "", "R", 47.24, 98.42, 0, 90],
		[34, "CN5_6", 2872.18, 890.8, "T", "SMD", "CN5_6", "", "R", 47.24, 98.42, 0, 90],
		[35, "D1_1", 2490.53, 1681.83, "T", "SMD", "VDD5V", "", "R", 23.62, 15.75, 0, 180],
		[36, "D1_2", 2431.47, 1681.83, "T", "SMD", "GND", "GND", "R", 23.62, 15.75, 0, 0],
		[37, "D2_1", 2536, 1681.84, "T", "SMD", "VDD5V", "", "R", 39.37, 29.53, 0, 90],
		[38, "D2_2", 2536, 1774.17, "T", "SMD", "VBUSA", "", "R", 39.37, 29.53, 0, 90],
		[39, "D3_1", 828.53, 589.79, "T", "SMD", "N_IN", "", "R", 35.83, 85.24, 0, 270],
		[40, "D3_2", 828.53, 688.21, "T", "SMD", "$1N20125", "", "R", 35.83, 85.24, 0, 270],
		[41, "D3_3", 607.47, 688.21, "T", "SMD", "$1N20123", "", "R", 35.83, 85.24, 0, 270],
		[42, "D3_4", 607.47, 589.79, "T", "SMD", "$1N20129", "", "R", 35.83, 85.24, 0, 270],
		[43, "D4_1", 1323, 825.61, "T", "SMD", "GNDS", "", "R", 78.74, 78.74, 0, 90],
		[44, "D4_2", 1323, 652.39, "T", "SMD", "GND", "GND", "R", 78.74, 78.74, 0, 90],
		[45, "D5_1", 2518, 2003.52, "T", "SMD", "GND", "GND", "R", 23.62, 15.75, 0, 270],
		[46, "D5_2", 2518, 1944.47, "T", "SMD", "DP", "", "R", 23.62, 15.75, 0, 90],
		[47, "D6_1", 2518, 1847.48, "T", "SMD", "GND", "GND", "R", 23.62, 15.75, 0, 90],
		[48, "D6_2", 2518, 1906.53, "T", "SMD", "DN", "", "R", 23.62, 15.75, 0, 270],
		[49, "D7_1", 2431.47, 1774.17, "T", "SMD", "GND", "GND", "R", 23.62, 15.75, 0, 0],
		[50, "D7_2", 2490.53, 1774.17, "T", "SMD", "VBUSA", "", "R", 23.62, 15.75, 0, 180],
		[51, "F1_1", 856, 245.58, "T", "SMD", "L_IN", "", "R", 78.74, 125.98, 0, 90],
		[52, "F1_2", 856, 442.42, "T", "SMD", "$1N20125", "", "R", 78.74, 125.98, 0, 90],
		[53, "L1_1", 402.58, 1223, "T", "SMD", "$1N20123", "", "R", 86.61, 225.2, 0, 0],
		[54, "L1_2", 599.42, 1223, "T", "SMD", "$1N20128", "", "R", 86.61, 225.2, 0, 0],
		[55, "L2_1", 1447.98, 850, "T", "SMD", "GNDS", "", "R", 119.06, 295.27, 0, 180],
		[56, "L2_2", 1710.02, 850, "T", "SMD", "VDD5V", "", "R", 119.06, 295.27, 0, 180],
		[57, "PMSensor_1", 2384.15, 459.66, "T", "DIP", "PM_TX", "", "R", 78.74, 78.74, 43.31, 0],
		[58, "PMSensor_1", 2384.15, 459.66, "B", "DIP", "PM_TX", "", "R", 78.74, 78.74, 43.31, 0],
		[59, "PMSensor_2", 2482.58, 459.66, "T", "DIP", "PM_RX", "", "C", 78.74, 78.74, 43.31, 0],
		[60, "PMSensor_2", 2482.58, 459.66, "B", "DIP", "PM_RX", "", "C", 78.74, 78.74, 43.31, 0],
		[61, "PMSensor_3", 2581, 459.66, "T", "DIP", "GND", "GND", "C", 78.74, 78.74, 43.31, 0],
		[62, "PMSensor_3", 2581, 459.66, "B", "DIP", "GND", "GND", "C", 78.74, 78.74, 43.31, 0],
		[63, "PMSensor_4", 2679.43, 459.66, "T", "DIP", "VDD5V", "", "C", 78.74, 78.74, 43.31, 0],
		[64, "PMSensor_4", 2679.43, 459.66, "B", "DIP", "VDD5V", "", "C", 78.74, 78.74, 43.31, 0],
		[65, "PMSensor_5", 2777.85, 459.66, "T", "DIP", "PMSensor_5", "", "C", 78.74, 78.74, 43.31, 0],
		[66, "PMSensor_5", 2777.85, 459.66, "B", "DIP", "PMSensor_5", "", "C", 78.74, 78.74, 43.31, 0],
		[67, "Q1_1", 2032.68, 1212.76, "T", "SMD", "GND", "GND", "R", 62.01, 26.46, 0, 90],
		[68, "Q1_2", 1973.63, 1105.97, "T", "SMD", "VDD3V3", "", "P", 74.8, 211.68, 0, 90],
		[69, "Q1_3", 1914.57, 1212.76, "T", "SMD", "VDD5V", "", "R", 62.01, 26.46, 0, 90],
		[70, "R1_1", 1125, 1195.78, "T", "SMD", "$1N20128", "", "R", 47.54, 66.97, 0, 90],
		[71, "R1_2", 1125, 1312.22, "T", "SMD", "$1N20115", "", "R", 47.54, 66.97, 0, 90],
		[72, "R2_1", 1226.78, 1303, "T", "SMD", "$1N20115", "", "R", 47.54, 66.97, 0, 0],
		[73, "R2_2", 1343.22, 1303, "T", "SMD", "$1N20117", "", "R", 47.54, 66.97, 0, 0],
		[74, "R3_1", 1722, 1131.26, "T", "SMD", "VDD5V", "", "R", 44.59, 54.21, 0, 90],
		[75, "R3_2", 1722, 1210, "T", "SMD", "$1N20118", "", "R", 44.59, 54.21, 0, 90],
		[76, "R4_1", 1640, 1131.26, "T", "SMD", "GNDS", "", "R", 44.59, 54.21, 0, 90],
		[77, "R4_2", 1640, 1210, "T", "SMD", "$1N20118", "", "R", 44.59, 54.21, 0, 90],
		[78, "R5_1", 1085, 266.36, "T", "SMD", "N_IN", "", "R", 118.11, 137.79, 0, 90],
		[79, "R5_2", 1085, 561.64, "T", "SMD", "$1N20125", "", "R", 118.11, 137.79, 0, 90],
		[80, "R6_1", 2056.46, 2502, "T", "SMD", "VDD3V3", "", "R", 22.27, 21.26, 0, 0],
		[81, "R6_2", 2090.54, 2502, "T", "SMD", "$1N46971", "", "R", 22.27, 21.26, 0, 0],
		[82, "R7_1", 1323, 912.63, "T", "SMD", "GNDS", "", "R", 44.59, 54.21, 0, 90],
		[83, "R7_2", 1323, 991.37, "T", "SMD", "$1N20116", "", "R", 44.59, 54.21, 0, 90],
		[84, "R8_1", 1203.74, 836, "T", "SMD", "GND", "GND", "R", 44.59, 54.21, 0, 180],
		[85, "R8_2", 1125, 836, "T", "SMD", "$1N20129", "", "R", 44.59, 54.21, 0, 180],
		[86, "R9_1", 2677.92, 2179, "T", "SMD", "GND", "GND", "R", 22.27, 21.26, 0, 0],
		[87, "R9_2", 2712, 2179, "T", "SMD", "$1N20204", "", "R", 22.27, 21.26, 0, 0],
		[88, "R10_1", 2636.96, 1623, "T", "SMD", "GND", "GND", "R", 22.27, 21.26, 0, 0],
		[89, "R10_2", 2671.04, 1623, "T", "SMD", "$1N20205", "", "R", 22.27, 21.26, 0, 0],
		[90, "R11_1", 2056.46, 2455, "T", "SMD", "VDD3V3", "", "R", 22.27, 21.26, 0, 0],
		[91, "R11_2", 2090.54, 2455, "T", "SMD", "$1N46973", "", "R", 22.27, 21.26, 0, 0],
		[92, "R12_1", 2090.54, 2408, "T", "SMD", "$1N50749", "", "R", 22.27, 21.26, 0, 180],
		[93, "R12_2", 2056.46, 2408, "T", "SMD", "VDD3V3", "", "R", 22.27, 21.26, 0, 180],
		[94, "R13_1", 2503.95, 2103.95, "T", "SMD", "DN", "", "R", 22.27, 21.26, 0, 45],
		[95, "R13_2", 2528.05, 2128.05, "T", "SMD", "EDN", "", "R", 22.27, 21.26, 0, 45],
		[96, "R14_1", 2556.05, 2100.05, "T", "SMD", "EDP", "", "R", 22.27, 21.26, 0, 225],
		[97, "R14_2", 2531.95, 2075.95, "T", "SMD", "DP", "", "R", 22.27, 21.26, 0, 225],
		[98, "R15_1", 1710.02, 633.84, "T", "SMD", "VDD5V", "", "R", 31.75, 34.02, 0, 180],
		[99, "R15_2", 1650.7, 633.84, "T", "SMD", "$1N20079", "", "R", 31.75, 34.02, 0, 180],
		[100, "R16_1", 1985.34, 1477, "T", "SMD", "VDD3V3", "", "R", 31.75, 34.02, 0, 0],
		[101, "R16_2", 2044.66, 1477, "T", "SMD", "$1N20100", "", "R", 31.75, 34.02, 0, 0],
		[102, "R17_1", 2082.66, 700, "T", "SMD", "SCL", "", "R", 31.75, 34.02, 0, 180],
		[103, "R17_2", 2023.34, 700, "T", "SMD", "VDD3V3", "", "R", 31.75, 34.02, 0, 180],
		[104, "R18_1", 2053.66, 762, "T", "SMD", "SDA", "", "R", 31.75, 34.02, 0, 180],
		[105, "R18_2", 1994.34, 762, "T", "SMD", "VDD3V3", "", "R", 31.75, 34.02, 0, 180],
		[106, "R19_1", 2733.04, 1576, "T", "SMD", "VDD3V3", "", "R", 22.27, 21.26, 0, 180],
		[107, "R19_2", 2698.96, 1576, "T", "SMD", "$1N85341", "", "R", 22.27, 21.26, 0, 180],
		[108, "RadSens_1", 1342, 476, "T", "DIP", "SDA", "", "C", 68.9, 68.9, 43.31, 0],
		[109, "RadSens_1", 1342, 476, "B", "DIP", "SDA", "", "C", 68.9, 68.9, 43.31, 0],
		[110, "RadSens_2", 1442, 476, "T", "DIP", "SCL", "", "C", 68.9, 68.9, 43.31, 0],
		[111, "RadSens_2", 1442, 476, "B", "DIP", "SCL", "", "C", 68.9, 68.9, 43.31, 0],
		[112, "RadSens_3", 1542, 476, "T", "DIP", "GND", "GND", "C", 68.9, 68.9, 43.31, 0],
		[113, "RadSens_3", 1542, 476, "B", "DIP", "GND", "GND", "C", 68.9, 68.9, 43.31, 0],
		[114, "RadSens_4", 1642, 476, "T", "DIP", "VDD3V3", "", "C", 68.9, 68.9, 43.31, 0],
		[115, "RadSens_4", 1642, 476, "B", "DIP", "VDD3V3", "", "C", 68.9, 68.9, 43.31, 0],
		[116, "SHT1_1", 1894.89, 577.54, "T", "SMD", "GND", "GND", "R", 39.37, 133.86, 0, 180],
		[117, "SHT1_2", 1973.63, 577.54, "T", "SMD", "VDD3V3", "", "R", 39.37, 133.86, 0, 180],
		[118, "SHT1_3", 2052.37, 577.54, "T", "SMD", "SDA", "", "R", 39.37, 133.86, 0, 180],
		[119, "SHT1_4", 2131.11, 577.54, "T", "SMD", "SCL", "", "R", 39.37, 133.86, 0, 180],
		[120, "SHT1_5", 2221.66, 270.46, "T", "SMD", "GND", "GND", "R", 59.05, 141.73, 0, 180],
		[121, "SHT1_6", 1804.34, 270.46, "T", "SMD", "GND", "GND", "R", 59.05, 141.73, 0, 180],
		[122, "SW1_1", 2667.05, 1474, "T", "SMD", "$1N85341", "", "R", 49.21, 30, 0, 180],
		[123, "SW1_2", 2667.05, 1524, "T", "SMD", "$1N85341", "", "R", 49.21, 30, 0, 180],
		[124, "SW1_3", 2424.95, 1524, "T", "SMD", "I2S_SD", "", "R", 49.21, 30, 0, 180],
		[125, "SW1_4", 2424.95, 1474, "T", "SMD", "I2S_SD", "", "R", 49.21, 30, 0, 180],
		[126, "U1_1", 2217.72, 2723.48, "T", "SMD", "GND", "GND", "R", 15.75, 31.5, 0, 90],
		[127, "U1_2", 2217.72, 2691.98, "T", "SMD", "GND", "GND", "R", 15.75, 31.5, 0, 90],
		[128, "U1_3", 2217.72, 2660.49, "T", "SMD", "VDD3V3", "", "R", 15.75, 31.5, 0, 90],
		[129, "U1_4", 2217.72, 2628.99, "T", "SMD", "U1_4", "", "R", 15.75, 31.5, 0, 90],
		[130, "U1_5", 2217.72, 2597.5, "T", "SMD", "$1N46971", "", "R", 15.75, 31.5, 0, 90],
		[131, "U1_6", 2217.72, 2566, "T", "SMD", "SDA", "", "R", 15.75, 31.5, 0, 90],
		[132, "U1_7", 2217.72, 2534.5, "T", "SMD", "U1_7", "", "R", 15.75, 31.5, 0, 90],
		[133, "U1_8", 2217.72, 2503.01, "T", "SMD", "$1N46973", "", "R", 15.75, 31.5, 0, 90],
		[134, "U1_9", 2217.72, 2471.51, "T", "SMD", "U1_9", "", "R", 15.75, 31.5, 0, 90],
		[135, "U1_10", 2217.72, 2440.02, "T", "SMD", "U1_10", "", "R", 15.75, 31.5, 0, 90],
		[136, "U1_11", 2217.72, 2408.52, "T", "SMD", "GND", "GND", "R", 15.75, 31.5, 0, 90],
		[137, "U1_12", 2261.02, 2373.09, "T", "SMD", "SCL", "", "R", 15.75, 31.5, 0, 180],
		[138, "U1_13", 2292.52, 2373.09, "T", "SMD", "PM_TX", "", "R", 15.75, 31.5, 0, 180],
		[139, "U1_14", 2324.02, 2373.09, "T", "SMD", "GND", "GND", "R", 15.75, 31.5, 0, 180],
		[140, "U1_15", 2355.51, 2373.09, "T", "SMD", "U1_15", "", "R", 15.75, 31.5, 0, 180],
		[141, "U1_16", 2387.01, 2373.09, "T", "SMD", "PM_RX", "", "R", 15.75, 31.5, 0, 180],
		[142, "U1_17", 2418.5, 2373.09, "T", "SMD", "U1_17", "", "R", 15.75, 31.5, 0, 180],
		[143, "U1_18", 2450, 2373.09, "T", "SMD", "GPS_RX", "", "R", 15.75, 31.5, 0, 180],
		[144, "U1_19", 2481.5, 2373.09, "T", "SMD", "GPS_TX", "", "R", 15.75, 31.5, 0, 180],
		[145, "U1_20", 2512.99, 2373.09, "T", "SMD", "I2S_WS", "", "R", 15.75, 31.5, 0, 180],
		[146, "U1_21", 2544.49, 2373.09, "T", "SMD", "I2S_SCK", "", "R", 15.75, 31.5, 0, 180],
		[147, "U1_22", 2575.98, 2373.09, "T", "SMD", "I2S_SD", "", "R", 15.75, 31.5, 0, 180],
		[148, "U1_23", 2607.48, 2373.09, "T", "SMD", "$1N50749", "", "R", 15.75, 31.5, 0, 180],
		[149, "U1_24", 2638.98, 2373.09, "T", "SMD", "U1_24", "", "R", 15.75, 31.5, 0, 180],
		[150, "U1_25", 2682.28, 2408.52, "T", "SMD", "U1_25", "", "R", 15.75, 31.5, 0, 270],
		[151, "U1_26", 2682.28, 2440.02, "T", "SMD", "EDN", "", "R", 15.75, 31.5, 0, 270],
		[152, "U1_27", 2682.28, 2471.51, "T", "SMD", "EDP", "", "R", 15.75, 31.5, 0, 270],
		[153, "U1_28", 2682.28, 2503.01, "T", "SMD", "U1_28", "", "R", 15.75, 31.5, 0, 270],
		[154, "U1_29", 2682.28, 2534.5, "T", "SMD", "U1_29", "", "R", 15.75, 31.5, 0, 270],
		[155, "U1_30", 2682.28, 2566, "T", "SMD", "U0RXD", "", "R", 15.75, 31.5, 0, 270],
		[156, "U1_31", 2682.28, 2597.5, "T", "SMD", "U0TXD", "", "R", 15.75, 31.5, 0, 270],
		[157, "U1_32", 2682.28, 2628.99, "T", "SMD", "U1_32", "", "R", 15.75, 31.5, 0, 270],
		[158, "U1_33", 2682.28, 2660.49, "T", "SMD", "U1_33", "", "R", 15.75, 31.5, 0, 270],
		[159, "U1_34", 2682.28, 2691.98, "T", "SMD", "U1_34", "", "R", 15.75, 31.5, 0, 270],
		[160, "U1_35", 2682.28, 2723.48, "T", "SMD", "U1_35", "", "R", 15.75, 31.5, 0, 270],
		[161, "U1_36", 2638.98, 2758.91, "T", "SMD", "GND", "GND", "R", 15.75, 31.5, 0, 0],
		[162, "U1_37", 2607.48, 2758.91, "T", "SMD", "GND", "GND", "R", 15.75, 31.5, 0, 0],
		[163, "U1_38", 2575.98, 2758.91, "T", "SMD", "GND", "GND", "R", 15.75, 31.5, 0, 0],
		[164, "U1_39", 2544.49, 2758.91, "T", "SMD", "GND", "GND", "R", 15.75, 31.5, 0, 0],
		[165, "U1_40", 2512.99, 2758.91, "T", "SMD", "GND", "GND", "R", 15.75, 31.5, 0, 0],
		[166, "U1_41", 2481.5, 2758.91, "T", "SMD", "GND", "GND", "R", 15.75, 31.5, 0, 0],
		[167, "U1_42", 2450, 2758.91, "T", "SMD", "GND", "GND", "R", 15.75, 31.5, 0, 0],
		[168, "U1_43", 2418.5, 2758.91, "T", "SMD", "GND", "GND", "R", 15.75, 31.5, 0, 0],
		[169, "U1_44", 2387.01, 2758.91, "T", "SMD", "GND", "GND", "R", 15.75, 31.5, 0, 0],
		[170, "U1_45", 2355.51, 2758.91, "T", "SMD", "GND", "GND", "R", 15.75, 31.5, 0, 0],
		[171, "U1_46", 2324.02, 2758.91, "T", "SMD", "GND", "GND", "R", 15.75, 31.5, 0, 0],
		[172, "U1_47", 2292.52, 2758.91, "T", "SMD", "GND", "GND", "R", 15.75, 31.5, 0, 0],
		[173, "U1_48", 2261.02, 2758.91, "T", "SMD", "GND", "GND", "R", 15.75, 31.5, 0, 0],
		[174, "U1_49", 2372.24, 2643.76, "T", "SMD", "GND", "GND", "P", 57.09, 57.09, 0, 0],
		[175, "U1_49", 2527.75, 2488.24, "T", "SMD", "GND", "GND", "R", 57.09, 57.09, 0, 0],
		[176, "U1_49", 2450, 2488.24, "T", "SMD", "GND", "GND", "R", 57.09, 57.09, 0, 0],
		[177, "U1_49", 2372.24, 2488.24, "T", "SMD", "GND", "GND", "R", 57.09, 57.09, 0, 0],
		[178, "U1_49", 2372.24, 2566, "T", "SMD", "GND", "GND", "R", 57.09, 57.09, 0, 0],
		[179, "U1_49", 2450, 2643.75, "T", "SMD", "GND", "GND", "R", 57.09, 57.09, 0, 0],
		[180, "U1_49", 2527.75, 2643.75, "T", "SMD", "GND", "GND", "R", 57.09, 57.09, 0, 0],
		[181, "U1_49", 2527.75, 2566, "T", "SMD", "GND", "GND", "R", 57.09, 57.09, 0, 0],
		[182, "U1_49", 2450, 2566, "T", "SMD", "GND", "GND", "R", 57.09, 57.09, 0, 0],
		[183, "U1_50", 2684.25, 2760.88, "T", "SMD", "GND", "GND", "R", 27.56, 27.56, 0, 0],
		[184, "U1_51", 2684.25, 2371.12, "T", "SMD", "GND", "GND", "R", 27.56, 27.56, 0, 0],
		[185, "U1_52", 2215.75, 2371.12, "T", "SMD", "GND", "GND", "R", 27.56, 27.56, 0, 0],
		[186, "U1_53", 2215.75, 2760.88, "T", "SMD", "GND", "GND", "R", 27.56, 27.56, 0, 0],
		[187, "U2_1", 1454.15, 1060, "T", "SMD", "GNDS", "", "O", 23.15, 80.51, 0, 90],
		[188, "U2_2", 1454.15, 1110, "T", "SMD", "$1N20116", "", "O", 23.15, 80.51, 0, 90],
		[189, "U2_3", 1454.15, 1160, "T", "SMD", "$1N20117", "", "O", 23.15, 80.51, 0, 90],
		[190, "U2_4", 1454.15, 1210, "T", "SMD", "$1N20118", "", "O", 23.15, 80.51, 0, 90],
		[191, "U2_5", 1235.85, 1210, "T", "SMD", "$1N20128", "", "O", 23.15, 80.51, 0, 90],
		[192, "U2_6", 1235.85, 1160, "T", "SMD", "$1N20128", "", "O", 23.15, 80.51, 0, 90],
		[193, "U2_7", 1235.85, 1110, "T", "SMD", "$1N20128", "", "O", 23.15, 80.51, 0, 90],
		[194, "U2_8", 1235.85, 1060, "T", "SMD", "$1N20128", "", "O", 23.15, 80.51, 0, 90],
		[195, "U3_1", 2740, 1246.89, "T", "DIP", "I2S_WS", "", "R", 51.18, 51.18, 27.56, 90],
		[196, "U3_1", 2740, 1246.89, "B", "DIP", "I2S_WS", "", "R", 51.18, 51.18, 27.56, 90],
		[197, "U3_2", 2740, 1305.95, "T", "DIP", "I2S_SCK", "", "C", 51.18, 51.18, 27.56, 90],
		[198, "U3_2", 2740, 1305.95, "B", "DIP", "I2S_SCK", "", "C", 51.18, 51.18, 27.56, 90],
		[199, "U3_3", 2740, 1365, "T", "DIP", "I2S_SD", "", "C", 51.18, 51.18, 27.56, 90],
		[200, "U3_3", 2740, 1365, "B", "DIP", "I2S_SD", "", "C", 51.18, 51.18, 27.56, 90],
		[201, "U3_4", 2740, 1424.06, "T", "DIP", "GND", "GND", "C", 51.18, 51.18, 27.56, 90],
		[202, "U3_4", 2740, 1424.06, "B", "DIP", "GND", "GND", "C", 51.18, 51.18, 27.56, 90],
		[203, "U3_5", 2740, 1483.11, "T", "DIP", "VDD3V3", "", "C", 51.18, 51.18, 27.56, 90],
		[204, "U3_5", 2740, 1483.11, "B", "DIP", "VDD3V3", "", "C", 51.18, 51.18, 27.56, 90],
		[205, "USB-C_0", 2655.55, 1701.28, "T", "SMD", "USB-C_0", "", "R", 66.93, 47.24, 0, 90],
		[206, "USB-C_0", 2655.55, 2110.72, "T", "SMD", "USB-C_A_0", "", "R", 66.93, 47.24, 0, 90],
		[207, "USB-C_0", 2820.91, 1701.28, "T", "SMD", "USB-C_B_0", "", "R", 66.93, 59.05, 0, 90],
		[208, "USB-C_0", 2820.91, 2110.72, "T", "SMD", "USB-C_C_0", "", "R", 66.93, 59.05, 0, 90],
		[209, "USB-C_A1", 2639.12, 1780.02, "T", "SMD", "GND", "GND", "R", 19.68, 44.88, 0, 90],
		[210, "USB-C_A12", 2639.12, 2031.98, "T", "SMD", "GND", "GND", "R", 19.68, 44.88, 0, 90],
		[211, "USB-C_A4", 2639.12, 1811.51, "T", "SMD", "VBUSA", "", "R", 19.68, 44.88, 0, 90],
		[212, "USB-C_A5", 2639.12, 1856.79, "T", "SMD", "$1N20205", "", "R", 11.81, 44.88, 0, 90],
		[213, "USB-C_A6", 2639.12, 1896.16, "T", "SMD", "DP", "", "R", 11.81, 44.88, 0, 90],
		[214, "USB-C_A7", 2639.12, 1915.84, "T", "SMD", "DN", "", "R", 11.81, 44.88, 0, 90],
		[215, "USB-C_A8", 2639.09, 1955.2, "T", "SMD", "USB-C_A8", "", "R", 11.81, 44.88, 0, 90],
		[216, "USB-C_A9", 2639.12, 2000.49, "T", "SMD", "VBUSA", "", "R", 19.68, 44.88, 0, 90],
		[217, "USB-C_B5", 2639.12, 1974.9, "T", "SMD", "$1N20204", "", "R", 11.81, 44.88, 0, 90],
		[218, "USB-C_B6", 2639.12, 1935.53, "T", "SMD", "DP", "", "R", 11.81, 44.88, 0, 90],
		[219, "USB-C_B7", 2639.12, 1876.47, "T", "SMD", "DN", "", "R", 11.81, 44.88, 0, 90],
		[220, "USB-C_B8", 2639.09, 1837.1, "T", "SMD", "USB-C_B8", "", "R", 11.81, 44.88, 0, 90],
		[221, "VD1_1", 2044.66, 1551.5, "T", "SMD", "$1N20100", "", "R", 31.5, 31.5, 0, 0],
		[222, "VD1_2", 2044.66, 1618.5, "T", "SMD", "GND", "GND", "R", 31.5, 31.5, 0, 0],
		[223, "VD2_1", 1578.62, 633.84, "T", "SMD", "$1N20079", "", "R", 31.5, 31.5, 0, 90],
		[224, "VD2_2", 1511.62, 633.84, "T", "SMD", "GND", "GND", "R", 31.5, 31.5, 0, 90],
		[225, "PAD1_1", 1085, 351, "T", "DIP", "N_IN", "", "C", 60, 60, 36, 0],
		[226, "PAD1_1", 1085, 351, "B", "DIP", "N_IN", "", "C", 60, 60, 36, 0],
		[227, "PAD2_1", 2831, 2627.24, "T", "DIP", "U0TXD", "", "C", 60, 60, 36, 0],
		[228, "PAD2_1", 2831, 2627.24, "B", "DIP", "U0TXD", "", "C", 60, 60, 36, 0],
		[229, "PAD3_2", 2831, 2547.24, "T", "DIP", "U0RXD", "", "C", 60, 60, 36, 0],
		[230, "PAD3_2", 2831, 2547.24, "B", "DIP", "U0RXD", "", "C", 60, 60, 36, 0],
		[231, "PAD4_1", 2831, 2707.24, "T", "DIP", "VDD3V3", "", "C", 60, 60, 36, 0],
		[232, "PAD4_1", 2831, 2707.24, "B", "DIP", "VDD3V3", "", "C", 60, 60, 36, 0],
		[233, "PAD5_1", 2831, 2467.24, "T", "DIP", "GND", "GND", "C", 60, 60, 36, 0],
		[234, "PAD5_1", 2831, 2467.24, "B", "DIP", "GND", "GND", "C", 60, 60, 36, 0]
	]
}
}