{
"lengthUnit": "mil",
"components": {
	"fields": ["COMPONENT_NO", "COMPONENT_NAME", "LAYER", "X_COORDINATE", "Y_COORDINATE", "ANGLE"],
	"rows": [
		[1, "C1", "T", 25, -1055, 270],
		[2, "CN1", "T", -195, -900, 270],
		[3, "R1", "T", 70, -1050, 270],
		[4, "U1", "T", 60, -930.95, 90]
	]
},
"pins": {
	"fields": ["PIN_NO", "PIN_NAME", "PIN_X", "PIN_Y", "LAYER", "PIN_TYPE", "NET_NAME", "NET_TYPE", "PAD_SHAPE", "PAD_SIZEX", "PAD_SIZEY", "HOLE_SIZE", "PAD_ANGLE"],
	"rows": [
		[1, "C1_1", 25, -1033.54, "T", "SMD", "VDD3V3", "", "R", 31.11, 21.26, 0, 270],
		[2, "C1_2", 25, -1076.46, "T", "SMD", "GND", "GND", "R", 31.11, 21.26, 0, 270],
		[3, "CN1_1", -116.26, -781.89, "T", "SMD", "VDD3V3", "", "R", 39.37, 90.55, 0, 270],
		[4, "CN1_2", -116.26, -840.95, "T", "SMD", "GND", "GND", "R", 39.37, 90.55, 0, 270],
		[5, "CN1_3", -116.26, -900, "T", "SMD", "I2S_SD", "", "R", 39.37, 90.55, 0, 270],
		[6, "CN1_4", -116.26, -959.06, "T", "SMD", "I2S_SCK", "", "R", 39.37, 90.55, 0, 270],
		[7, "CN1_5", -116.26, -1018.11, "T", "SMD", "I2S_WS", "", "R", 39.37, 90.55, 0, 270],
		[8, "CN1_6", -273.74, -1096.85, "T", "SMD", "CN1_6", "", "R", 39.37, 98.42, 0, 270],
		[9, "CN1_7", -273.74, -703.15, "T", "SMD", "CN1_7", "", "R", 39.37, 98.42, 0, 270],
		[10, "R1_1", 70, -1032.96, "T", "SMD", "I2S_SD", "", "R", 22.27, 21.26, 0, 270],
		[11, "R1_2", 70, -1067.04, "T", "SMD", "GND", "GND", "R", 22.27, 21.26, 0, 270],
		[12, "U1_1", 95.44, -981.59, "T", "SMD", "I2S_WS", "", "R", 23.62, 20.47, 0, 180],
		[13, "U1_2", 95.44, -949.23, "T", "SMD", "GND", "GND", "R", 23.62, 20.47, 0, 180],
		[14, "U1_3", 40.11, -918, "T", "SMD", "GND", "GND", "P", 27.92, 27.92, 0, 90],
		[15, "U1_3", 77.81, -920.08, "T", "SMD", "GND", "GND", "P", 27.92, 27.93, 0, 90],
		[16, "U1_3", 79.89, -882.39, "T", "SMD", "GND", "GND", "P", 27.92, 27.92, 0, 90],
		[17, "U1_3", 42.2, -880.31, "T", "SMD", "GND", "GND", "P", 27.92, 27.92, 0, 90],
		[18, "U1_4", 24.57, -949.23, "T", "SMD", "I2S_SCK", "", "R", 23.62, 20.47, 0, 180],
		[19, "U1_5", 24.57, -981.59, "T", "SMD", "VDD3V3", "", "R", 23.62, 20.47, 0, 180],
		[20, "U1_6", 60.01, -981.59, "T", "SMD", "I2S_SD", "", "R", 23.62, 20.47, 0, 180]
	]
}
}