{
"lengthUnit": "mil",
"components": {
	"fields": ["COMPONENT_NO", "COMPONENT_NAME", "LAYER", "X_COORDINATE", "Y_COORDINATE", "ANGLE"],
	"rows": [
		[1, "C1", "T", 447.21, -565, 270],
		[2, "C2", "T", 498.39, -565, 90],
		[3, "R1", "T", 470, -805, 270],
		[4, "R2", "T", 421.61, -805, 270],
		[5, "SHT1", "T", 775, -695, 90],
		[6, "SHT2", "T", 130, -698.15, 270],
		[7, "U1", "T", 460, -690, 270]
	]
},
"pins": {
	"fields": ["PIN_NO", "PIN_NAME", "PIN_X", "PIN_Y", "LAYER", "PIN_TYPE", "NET_NAME", "NET_TYPE", "PAD_SHAPE", "PAD_SIZEX", "PAD_SIZEY", "HOLE_SIZE", "PAD_ANGLE"],
	"rows": [
		[1, "C1_1", 447.21, -543.54, "T", "SMD", "GND", "GND", "R", 31.11, 21.26, 0, 270],
		[2, "C1_2", 447.21, -586.46, "T", "SMD", "VDD3V3", "", "R", 31.11, 21.26, 0, 270],
		[3, "C2_1", 498.39, -586.46, "T", "SMD", "VDD3V3", "", "R", 31.11, 21.26, 0, 90],
		[4, "C2_2", 498.39, -543.54, "T", "SMD", "GND", "GND", "R", 31.11, 21.26, 0, 90],
		[5, "R1_1", 470, -787.96, "T", "SMD", "SDA", "", "R", 22.27, 21.26, 0, 270],
		[6, "R1_2", 470, -822.04, "T", "SMD", "VDD3V3", "", "R", 22.27, 21.26, 0, 270],
		[7, "R2_1", 421.61, -787.96, "T", "SMD", "SCL", "", "R", 22.27, 21.26, 0, 270],
		[8, "R2_2", 421.61, -822.04, "T", "SMD", "VDD3V3", "", "R", 22.27, 21.26, 0, 270],
		[9, "SHT1_1", 621.46, -813.11, "T", "SMD", "GND", "GND", "R", 39.37, 133.86, 0, 270],
		[10, "SHT1_2", 621.46, -734.37, "T", "SMD", "VDD3V3", "", "R", 39.37, 133.86, 0, 270],
		[11, "SHT1_3", 621.46, -655.63, "T", "SMD", "SDA", "", "R", 39.37, 133.86, 0, 270],
		[12, "SHT1_4", 621.46, -576.89, "T", "SMD", "SCL", "", "R", 39.37, 133.86, 0, 270],
		[13, "SHT1_5", 928.54, -486.34, "T", "SMD", "GND", "GND", "R", 59.05, 141.73, 0, 270],
		[14, "SHT1_6", 928.54, -903.66, "T", "SMD", "GND", "GND", "R", 59.05, 141.73, 0, 270],
		[15, "SHT2_1", 283.54, -580.04, "T", "SMD", "GND", "GND", "R", 39.37, 133.86, 0, 90],
		[16, "SHT2_2", 283.54, -658.78, "T", "SMD", "VDD3V3", "", "R", 39.37, 133.86, 0, 90],
		[17, "SHT2_3", 283.54, -737.52, "T", "SMD", "SDA", "", "R", 39.37, 133.86, 0, 90],
		[18, "SHT2_4", 283.54, -816.26, "T", "SMD", "SCL", "", "R", 39.37, 133.86, 0, 90],
		[19, "SHT2_5", -23.54, -906.81, "T", "SMD", "GND", "GND", "R", 59.05, 141.73, 0, 90],
		[20, "SHT2_6", -23.54, -489.49, "T", "SMD", "GND", "GND", "R", 59.05, 141.73, 0, 90],
		[21, "U1_1", 498.39, -739.55, "T", "SMD", "GND", "GND", "O", 14.33, 30.2, 0, 0],
		[22, "U1_2", 472.8, -739.55, "T", "SMD", "VDD3V3", "", "O", 14.33, 30.2, 0, 0],
		[23, "U1_3", 447.21, -739.55, "T", "SMD", "SDA", "", "O", 14.33, 30.2, 0, 0],
		[24, "U1_4", 421.61, -739.55, "T", "SMD", "SCL", "", "O", 14.33, 30.2, 0, 0],
		[25, "U1_5", 421.61, -640.45, "T", "SMD", "GND", "GND", "O", 14.33, 30.2, 0, 0],
		[26, "U1_6", 447.21, -640.45, "T", "SMD", "VDD3V3", "", "O", 14.33, 30.2, 0, 0],
		[27, "U1_7", 472.8, -640.45, "T", "SMD", "GND", "GND", "O", 14.33, 30.2, 0, 0],
		[28, "U1_8", 498.39, -640.45, "T", "SMD", "VDD3V3", "", "O", 14.33, 30.2, 0, 0]
	]
}
}