{
"lengthUnit": "mil",
"components": {
	"fields": ["COMPONENT_NO", "COMPONENT_NAME", "LAYER", "X_COORDINATE", "Y_COORDINATE", "ANGLE"],
	"rows": [
		[1, "BT2", "T", 466.67, 10.17, 90],
		[2, "C17", "T", 353.06, 237.05, 270],
		[3, "C18", "T", 84.06, -181.51, 270],
		[4, "C20", "T", -344.94, 11.16, 270],
		[5, "C21", "T", -505.12, -65, 0],
		[6, "C22", "T", 396.06, -271, 90],
		[7, "C23", "T", 507.48, -174, 180],
		[8, "C24", "T", 71.06, -56, 90],
		[9, "C25", "T", 101.06, -269.17, 180],
		[10, "C32", "T", -545.94, 244, 270],
		[11, "C33", "T", -359, 169.64, 270],
		[12, "C34", "T", -285, 123, 180],
		[13, "D1", "T", 359.06, -130, 0],
		[14, "D6", "T", 294.06, -223, 270],
		[15, "LED6", "B", 631.54, 61.57, 0],
		[16, "LED8", "B", 631.56, 127.01, 0],
		[17, "LED9", "B", 631.56, 190, 0],
		[18, "Q7", "T", 112.44, 215.59, 270],
		[19, "Q8", "T", 180.06, -179, 0],
		[20, "Q9", "T", -151.94, -209.25, 270],
		[21, "R39", "T", 299.06, 125.46, 0],
		[22, "R40", "T", 211.83, 125.46, 0],
		[23, "R43", "T", -413.94, -65, 0],
		[24, "R45", "T", -339.94, -244, 270],
		[25, "R46", "T", -387.94, -244, 270],
		[26, "R47", "T", -503.94, 108, 90],
		[27, "R48", "T", -463.66, 108, 90],
		[28, "R49", "T", 192.06, -269.17, 0],
		[29, "R50", "T", -135.9, 48.3, 90],
		[30, "R51", "T", 503.06, -223, 0],
		[31, "R57", "T", -64, 142, 0],
		[32, "R58", "T", -240.94, -244, 90],
		[33, "R59", "T", -14.94, -102, 180],
		[34, "R60", "T", -289.94, -244, 90],
		[35, "R61", "T", 459.06, 201, 0],
		[36, "R62", "T", -95, 246.63, 90],
		[37, "U5", "T", -445.94, 9, 180],
		[38, "U6", "T", -14.94, -211, 90],
		[39, "U7", "T", 254.83, 215.59, 270],
		[40, "U9", "T", -23.78, 8.82, 270],
		[41, "U10", "T", -482.94, 245, 90],
		[42, "U11", "T", -131.69, 350, 0],
		[43, "U12", "T", -131.69, -350, 0],
		[44, "U13", "T", -228.06, 221.72, 270],
		[45, "VB-", "T", 288.8, -56.69, 270],
		[46, "VB+", "T", 288.8, 47.31, 270]
	]
},
"pins": {
	"fields": ["PIN_NO", "PIN_NAME", "PIN_X", "PIN_Y", "LAYER", "PIN_TYPE", "NET_NAME", "NET_TYPE", "PAD_SHAPE", "PAD_SIZEX", "PAD_SIZEY", "HOLE_SIZE", "PAD_ANGLE"],
	"rows": [
		[1, "BT2_1", 537.04, -123.69, "T", "SMD", "$1N124047", "", "R", 35.43, 149.61, 0, 90],
		[2, "BT2_2", 393.34, 10.17, "T", "SMD", "BT2_2", "", "R", 141.73, 43.31, 0, 90],
		[3, "BT2_3", 537.04, 144.03, "T", "SMD", "BT2_3", "", "R", 35.43, 149.61, 0, 90],
		[4, "BT2_4", 539.99, 10.17, "T", "SMD", "GND", "GND", "C", 177.16, 177.16, 0, 90],
		[5, "C17_1", 353.06, 258.51, "T", "SMD", "VBAT-", "", "R", 31.11, 21.26, 0, 270],
		[6, "C17_2", 353.06, 215.59, "T", "SMD", "$1N106648", "", "R", 31.11, 21.26, 0, 270],
		[7, "C18_1", 84.06, -160.05, "T", "SMD", "GND", "GND", "R", 31.11, 21.26, 0, 270],
		[8, "C18_2", 84.06, -202.97, "T", "SMD", "VIN", "", "R", 31.11, 21.26, 0, 270],
		[9, "C20_1", -344.94, 32.62, "T", "SMD", "$1N124047", "", "R", 31.11, 21.26, 0, 270],
		[10, "C20_2", -344.94, -10.3, "T", "SMD", "GND", "GND", "R", 31.11, 21.26, 0, 270],
		[11, "C21_1", -526.58, -65, "T", "SMD", "GND", "GND", "R", 31.11, 21.26, 0, 0],
		[12, "C21_2", -483.66, -65, "T", "SMD", "$1N107717", "", "R", 31.11, 21.26, 0, 0],
		[13, "C22_1", 396.06, -196.25, "T", "SMD", "VIN", "", "R", 74.8, 93.54, 0, 90],
		[14, "C22_2", 396.06, -345.75, "T", "SMD", "GND", "GND", "R", 74.8, 93.54, 0, 90],
		[15, "C23_1", 528.94, -174, "T", "SMD", "GND", "GND", "R", 31.11, 21.26, 0, 180],
		[16, "C23_2", 486.02, -174, "T", "SMD", "+5V", "", "R", 31.11, 21.26, 0, 180],
		[17, "C24_1", 71.06, -77.46, "T", "SMD", "GND", "GND", "R", 31.11, 21.26, 0, 90],
		[18, "C24_2", 71.06, -34.54, "T", "SMD", "VBAT0+", "", "R", 31.11, 21.26, 0, 90],
		[19, "C25_1", 122.52, -269.17, "T", "SMD", "GND", "GND", "R", 31.11, 21.26, 0, 180],
		[20, "C25_2", 79.6, -269.17, "T", "SMD", "3V3", "", "R", 31.11, 21.26, 0, 180],
		[21, "C32_1", -545.94, 265.46, "T", "SMD", "GND", "GND", "R", 31.11, 21.26, 0, 270],
		[22, "C32_2", -545.94, 222.54, "T", "SMD", "3V3", "", "R", 31.11, 21.26, 0, 270],
		[23, "C33_1", -359, 191.1, "T", "SMD", "$1N125753", "", "R", 31.11, 21.26, 0, 270],
		[24, "C33_2", -359, 148.18, "T", "SMD", "GND", "GND", "R", 31.11, 21.26, 0, 270],
		[25, "C34_1", -263.54, 123, "T", "SMD", "GND", "GND", "R", 31.11, 21.26, 0, 180],
		[26, "C34_2", -306.46, 123, "T", "SMD", "VBAT0+", "", "R", 31.11, 21.26, 0, 180],
		[27, "D1_1", 329.53, -130, "T", "SMD", "VIN", "", "R", 23.62, 15.75, 0, 0],
		[28, "D1_2", 388.58, -130, "T", "SMD", "GND", "GND", "R", 23.62, 15.75, 0, 180],
		[29, "D6_1", 294.06, -176.84, "T", "SMD", "VIN", "", "R", 39.37, 29.53, 0, 270],
		[30, "D6_2", 294.06, -269.16, "T", "SMD", "+5V", "", "R", 39.37, 29.53, 0, 270],
		[31, "LED6_1", 656.07, 61.57, "B", "SMD", "$1N109056", "", "R", 29.53, 23.62, 0, 0],
		[32, "LED6_2", 607, 61.57, "B", "SMD", "$1N109050", "", "R", 29.53, 23.62, 0, 0],
		[33, "LED8_1", 656.09, 127.01, "B", "SMD", "$1N109056", "", "R", 29.53, 23.62, 0, 0],
		[34, "LED8_2", 607.02, 127.01, "B", "SMD", "$1N109045", "", "R", 29.53, 23.62, 0, 0],
		[35, "LED9_1", 656.09, 190, "B", "SMD", "$1N125737", "", "R", 29.53, 23.62, 0, 0],
		[36, "LED9_2", 607.02, 190, "B", "SMD", "GPOUT", "", "R", 29.53, 23.62, 0, 0],
		[37, "Q7_1", 67.2, 252.99, "T", "SMD", "VBAT-", "", "R", 20.95, 42.2, 0, 270],
		[38, "Q7_2", 67.2, 215.59, "T", "SMD", "Q7_2", "", "R", 20.95, 42.2, 0, 270],
		[39, "Q7_3", 67.2, 178.19, "T", "SMD", "GND", "GND", "R", 20.95, 42.2, 0, 270],
		[40, "Q7_4", 157.68, 178.19, "T", "SMD", "$1N106794", "", "R", 20.95, 42.2, 0, 270],
		[41, "Q7_5", 157.68, 215.59, "T", "SMD", "Q7_5", "", "R", 20.95, 42.2, 0, 270],
		[42, "Q7_6", 157.68, 252.99, "T", "SMD", "$1N106798", "", "R", 20.95, 42.2, 0, 270],
		[43, "Q8_1", 223.42, -216.4, "T", "SMD", "+5V", "", "R", 40.85, 20.95, 0, 0],
		[44, "Q8_2", 223.42, -141.6, "T", "SMD", "VIN", "", "R", 40.85, 20.95, 0, 0],
		[45, "Q8_3", 136.7, -179, "T", "SMD", "VBAT+", "", "R", 40.85, 20.95, 0, 0],
		[46, "Q9_1", -114.54, -258.46, "T", "SMD", "GND", "GND", "R", 27.56, 49.21, 0, 180],
		[47, "Q9_2", -189.34, -258.46, "T", "SMD", "$1N117737", "", "R", 27.56, 49.21, 0, 180],
		[48, "Q9_3", -151.94, -160.05, "T", "SMD", "$1N117711", "", "R", 27.56, 49.21, 0, 180],
		[49, "R39_1", 282.02, 125.46, "T", "SMD", "VBAT0+", "", "R", 22.27, 21.26, 0, 0],
		[50, "R39_2", 316.1, 125.46, "T", "SMD", "$1N106648", "", "R", 22.27, 21.26, 0, 0],
		[51, "R40_1", 194.79, 125.46, "T", "SMD", "GND", "GND", "R", 22.27, 21.26, 0, 0],
		[52, "R40_2", 228.87, 125.46, "T", "SMD", "$1N106789", "", "R", 22.27, 21.26, 0, 0],
		[53, "R43_1", -430.98, -65, "T", "SMD", "$1N107717", "", "R", 22.27, 21.26, 0, 0],
		[54, "R43_2", -396.9, -65, "T", "SMD", "3V3", "", "R", 22.27, 21.26, 0, 0],
		[55, "R45_1", -339.94, -226.96, "T", "SMD", "I2C_SCL", "", "R", 22.27, 21.26, 0, 270],
		[56, "R45_2", -339.94, -261.04, "T", "SMD", "3V3", "", "R", 22.27, 21.26, 0, 270],
		[57, "R46_1", -387.94, -226.96, "T", "SMD", "I2C_SDA", "", "R", 22.27, 21.26, 0, 270],
		[58, "R46_2", -387.94, -261.04, "T", "SMD", "3V3", "", "R", 22.27, 21.26, 0, 270],
		[59, "R47_1", -503.94, 90.96, "T", "SMD", "$1N107921", "", "R", 22.27, 21.26, 0, 90],
		[60, "R47_2", -503.94, 125.04, "T", "SMD", "3V3", "", "R", 22.27, 21.26, 0, 90],
		[61, "R48_1", -463.66, 90.96, "T", "SMD", "$1N107912", "", "R", 22.27, 21.26, 0, 90],
		[62, "R48_2", -463.66, 125.04, "T", "SMD", "3V3", "", "R", 22.27, 21.26, 0, 90],
		[63, "R49_1", 175.02, -269.17, "T", "SMD", "GND", "GND", "R", 22.27, 21.26, 0, 0],
		[64, "R49_2", 209.1, -269.17, "T", "SMD", "+5V", "", "R", 22.27, 21.26, 0, 0],
		[65, "R50_1", -135.9, 18.64, "T", "SMD", "$1N109292", "", "R", 31.75, 34.02, 0, 90],
		[66, "R50_2", -135.9, 77.96, "T", "SMD", "GND", "GND", "R", 31.75, 34.02, 0, 90],
		[67, "R51_1", 486.02, -223, "T", "SMD", "+5V", "", "R", 22.27, 21.26, 0, 0],
		[68, "R51_2", 520.1, -223, "T", "SMD", "$1N109056", "", "R", 22.27, 21.26, 0, 0],
		[69, "R57_1", -93.66, 142, "T", "SMD", "VBAT+", "", "R", 31.75, 34.02, 0, 0],
		[70, "R57_2", -34.34, 142, "T", "SMD", "VBAT0+", "", "R", 31.75, 34.02, 0, 0],
		[71, "R58_1", -240.94, -261.04, "T", "SMD", "$1N117737", "", "R", 22.27, 21.26, 0, 90],
		[72, "R58_2", -240.94, -226.96, "T", "SMD", "GND", "GND", "R", 22.27, 21.26, 0, 90],
		[73, "R59_1", 2.1, -102, "T", "SMD", "VIN", "", "R", 22.27, 21.26, 0, 180],
		[74, "R59_2", -31.98, -102, "T", "SMD", "$1N117711", "", "R", 22.27, 21.26, 0, 180],
		[75, "R60_1", -289.94, -261.04, "T", "SMD", "$1N117737", "", "R", 22.27, 21.26, 0, 90],
		[76, "R60_2", -289.94, -226.96, "T", "SMD", "+5V", "", "R", 22.27, 21.26, 0, 90],
		[77, "R61_1", 442.02, 201, "T", "SMD", "VBAT+", "", "R", 22.27, 21.26, 0, 0],
		[78, "R61_2", 476.1, 201, "T", "SMD", "$1N125737", "", "R", 22.27, 21.26, 0, 0],
		[79, "R62_1", -95, 229.59, "T", "SMD", "$1N125738", "", "R", 22.27, 21.26, 0, 90],
		[80, "R62_2", -95, 263.67, "T", "SMD", "GND", "GND", "R", 22.27, 21.26, 0, 90],
		[81, "U5_1", -392.8, 32.62, "T", "SMD", "$1N124047", "", "R", 19.68, 31.5, 0, 180],
		[82, "U5_2", -428.23, 32.62, "T", "SMD", "I2C_SDA", "", "R", 19.68, 31.5, 0, 180],
		[83, "U5_3", -463.66, 32.62, "T", "SMD", "$1N107912", "", "R", 19.68, 31.5, 0, 180],
		[84, "U5_4", -499.1, 32.62, "T", "SMD", "$1N107921", "", "R", 19.68, 31.5, 0, 180],
		[85, "U5_5", -499.09, -14.62, "T", "SMD", "GND", "GND", "R", 19.68, 31.5, 0, 180],
		[86, "U5_6", -463.66, -14.62, "T", "SMD", "$1N107717", "", "R", 19.68, 31.5, 0, 180],
		[87, "U5_7", -428.23, -14.62, "T", "SMD", "U5_7", "", "R", 19.68, 31.5, 0, 180],
		[88, "U5_8", -392.79, -14.62, "T", "SMD", "I2C_SCL", "", "R", 19.68, 31.5, 0, 180],
		[89, "U6_1", 22.5, -160.06, "T", "SMD", "VIN", "", "R", 43.31, 27.56, 0, 90],
		[90, "U6_2", -14.9, -160.06, "T", "SMD", "GND", "GND", "R", 43.31, 27.56, 0, 90],
		[91, "U6_3", -52.38, -160.06, "T", "SMD", "$1N117711", "", "R", 43.31, 27.56, 0, 90],
		[92, "U6_4", -52.38, -261.94, "T", "SMD", "U6_4", "", "R", 43.31, 27.56, 0, 270],
		[93, "U6_5", 22.42, -261.94, "T", "SMD", "3V3", "", "R", 43.31, 27.56, 0, 270],
		[94, "U7_1", 209.59, 252.99, "T", "SMD", "$1N106798", "", "R", 20.95, 42.2, 0, 270],
		[95, "U7_2", 209.59, 215.59, "T", "SMD", "$1N106789", "", "R", 20.95, 42.2, 0, 270],
		[96, "U7_3", 209.59, 178.19, "T", "SMD", "$1N106794", "", "R", 20.95, 42.2, 0, 270],
		[97, "U7_4", 300.07, 178.19, "T", "SMD", "U7_4", "", "R", 20.95, 42.2, 0, 270],
		[98, "U7_5", 300.07, 215.59, "T", "SMD", "$1N106648", "", "R", 20.95, 42.2, 0, 270],
		[99, "U7_6", 300.07, 252.99, "T", "SMD", "VBAT-", "", "R", 20.95, 42.2, 0, 270],
		[100, "U9_1", -79.19, 38.35, "T", "SMD", "GND", "GND", "R", 11.02, 26.18, 0, 270],
		[101, "U9_2", -79.19, 18.66, "T", "SMD", "$1N109292", "", "R", 11.02, 26.18, 0, 270],
		[102, "U9_3", -79.19, -1.02, "T", "SMD", "GND", "GND", "R", 11.02, 26.18, 0, 270],
		[103, "U9_4", -79.19, -20.71, "T", "SMD", "+5V", "", "R", 11.02, 26.18, 0, 270],
		[104, "U9_5", 31.63, -20.71, "T", "SMD", "VBAT0+", "", "R", 11.02, 26.18, 0, 270],
		[105, "U9_6", 31.63, -1.02, "T", "SMD", "$1N109045", "", "R", 11.02, 26.18, 0, 270],
		[106, "U9_7", 31.63, 18.66, "T", "SMD", "$1N109050", "", "R", 11.02, 26.18, 0, 270],
		[107, "U9_8", 31.63, 38.35, "T", "SMD", "VBAT0+", "", "R", 11.02, 26.18, 0, 270],
		[108, "U9_9", -23.78, 8.82, "T", "SMD", "GND", "GND", "R", 96.46, 64.96, 0, 270],
		[109, "U10_A1", -490.81, 237.13, "T", "SMD", "3V3", "", "C", 6.69, 6.69, 0, 90],
		[110, "U10_A2", -490.81, 252.87, "T", "SMD", "GND", "GND", "C", 6.69, 6.69, 0, 90],
		[111, "U10_B1", -475.07, 237.13, "T", "SMD", "I2C_SDA", "", "C", 6.69, 6.69, 0, 90],
		[112, "U10_B2", -475.07, 252.87, "T", "SMD", "I2C_SCL", "", "C", 6.69, 6.69, 0, 90],
		[113, "U11_1", -531.69, 350, "T", "DIP", "U11_1", "", "R", 66.93, 66.93, 43.31, 0],
		[114, "U11_1", -531.69, 350, "B", "DIP", "U11_1", "", "R", 66.93, 66.93, 43.31, 0],
		[115, "U11_2", -431.69, 350, "T", "DIP", "U11_2", "", "C", 66.93, 66.93, 43.31, 0],
		[116, "U11_2", -431.69, 350, "B", "DIP", "U11_2", "", "C", 66.93, 66.93, 43.31, 0],
		[117, "U11_3", -331.69, 350, "T", "DIP", "U11_3", "", "C", 66.93, 66.93, 43.31, 0],
		[118, "U11_3", -331.69, 350, "B", "DIP", "U11_3", "", "C", 66.93, 66.93, 43.31, 0],
		[119, "U11_4", -231.69, 350, "T", "DIP", "U11_4", "", "C", 66.93, 66.93, 43.31, 0],
		[120, "U11_4", -231.69, 350, "B", "DIP", "U11_4", "", "C", 66.93, 66.93, 43.31, 0],
		[121, "U11_5", -131.69, 350, "T", "DIP", "U11_5", "", "C", 66.93, 66.93, 43.31, 0],
		[122, "U11_5", -131.69, 350, "B", "DIP", "U11_5", "", "C", 66.93, 66.93, 43.31, 0],
		[123, "U11_6", -31.69, 350, "T", "DIP", "U11_6", "", "C", 66.93, 66.93, 43.31, 0],
		[124, "U11_6", -31.69, 350, "B", "DIP", "U11_6", "", "C", 66.93, 66.93, 43.31, 0],
		[125, "U11_7", 68.31, 350, "T", "DIP", "U11_7", "", "C", 66.93, 66.93, 43.31, 0],
		[126, "U11_7", 68.31, 350, "B", "DIP", "U11_7", "", "C", 66.93, 66.93, 43.31, 0],
		[127, "U11_8", 168.31, 350, "T", "DIP", "U11_8", "", "C", 66.93, 66.93, 43.31, 0],
		[128, "U11_8", 168.31, 350, "B", "DIP", "U11_8", "", "C", 66.93, 66.93, 43.31, 0],
		[129, "U11_9", 268.31, 350, "T", "DIP", "U11_9", "", "C", 66.93, 66.93, 43.31, 0],
		[130, "U11_9", 268.31, 350, "B", "DIP", "U11_9", "", "C", 66.93, 66.93, 43.31, 0],
		[131, "U12_1", -531.69, -350, "T", "DIP", "U12_1", "", "R", 66.93, 66.93, 43.31, 0],
		[132, "U12_1", -531.69, -350, "B", "DIP", "U12_1", "", "R", 66.93, 66.93, 43.31, 0],
		[133, "U12_2", -431.69, -350, "T", "DIP", "U12_2", "", "C", 66.93, 66.93, 43.31, 0],
		[134, "U12_2", -431.69, -350, "B", "DIP", "U12_2", "", "C", 66.93, 66.93, 43.31, 0],
		[135, "U12_3", -331.69, -350, "T", "DIP", "U12_3", "", "C", 66.93, 66.93, 43.31, 0],
		[136, "U12_3", -331.69, -350, "B", "DIP", "U12_3", "", "C", 66.93, 66.93, 43.31, 0],
		[137, "U12_4", -231.69, -350, "T", "DIP", "U12_4", "", "C", 66.93, 66.93, 43.31, 0],
		[138, "U12_4", -231.69, -350, "B", "DIP", "U12_4", "", "C", 66.93, 66.93, 43.31, 0],
		[139, "U12_5", -131.69, -350, "T", "DIP", "I2C_SDA", "", "C", 66.93, 66.93, 43.31, 0],
		[140, "U12_5", -131.69, -350, "B", "DIP", "I2C_SDA", "", "C", 66.93, 66.93, 43.31, 0],
		[141, "U12_6", -31.69, -350, "T", "DIP", "I2C_SCL", "", "C", 66.93, 66.93, 43.31, 0],
		[142, "U12_6", -31.69, -350, "B", "DIP", "I2C_SCL", "", "C", 66.93, 66.93, 43.31, 0],
		[143, "U12_7", 68.31, -350, "T", "DIP", "3V3", "", "C", 66.93, 66.93, 43.31, 0],
		[144, "U12_7", 68.31, -350, "B", "DIP", "3V3", "", "C", 66.93, 66.93, 43.31, 0],
		[145, "U12_8", 168.31, -350, "T", "DIP", "GND", "GND", "C", 66.93, 66.93, 43.31, 0],
		[146, "U12_8", 168.31, -350, "B", "DIP", "GND", "GND", "C", 66.93, 66.93, 43.31, 0],
		[147, "U12_9", 268.31, -350, "T", "DIP", "+5V", "", "C", 66.93, 66.93, 43.31, 0],
		[148, "U12_9", 268.31, -350, "B", "DIP", "+5V", "", "C", 66.93, 66.93, 43.31, 0],
		[149, "U13_1", -305.81, 261.09, "T", "SMD", "I2C_SDA", "", "R", 7.87, 33.47, 0, 270],
		[150, "U13_2", -305.81, 245.34, "T", "SMD", "I2C_SCL", "", "R", 7.87, 33.47, 0, 270],
		[151, "U13_3", -305.81, 229.59, "T", "SMD", "GND", "GND", "R", 7.87, 33.47, 0, 270],
		[152, "U13_4", -305.81, 213.85, "T", "SMD", "U13_4", "", "R", 7.87, 33.47, 0, 270],
		[153, "U13_5", -305.81, 198.1, "T", "SMD", "$1N125753", "", "R", 7.87, 33.47, 0, 270],
		[154, "U13_6", -305.81, 182.35, "T", "SMD", "VBAT0+", "", "R", 7.87, 33.47, 0, 270],
		[155, "U13_7", -150.3, 182.35, "T", "SMD", "VBAT+", "", "R", 7.87, 33.47, 0, 270],
		[156, "U13_8", -150.3, 198.1, "T", "SMD", "VBAT0+", "", "R", 7.87, 33.47, 0, 270],
		[157, "U13_9", -150.3, 213.84, "T", "SMD", "U13_9", "", "R", 7.87, 33.47, 0, 270],
		[158, "U13_10", -150.3, 229.59, "T", "SMD", "$1N125738", "", "R", 7.87, 33.47, 0, 270],
		[159, "U13_11", -150.3, 245.34, "T", "SMD", "U13_11", "", "R", 7.87, 33.47, 0, 270],
		[160, "U13_12", -150.3, 261.09, "T", "SMD", "GPOUT", "", "R", 7.87, 33.47, 0, 270],
		[161, "U13_13", -228.06, 221.71, "T", "SMD", "GND", "GND", "P", 100, 130, 0, 270],
		[162, "VB-_1", 288.8, -56.69, "T", "SMD", "VBAT-", "", "C", 59.06, 59.06, 0, 270],
		[163, "VB+_1", 288.8, 47.31, "T", "SMD", "VBAT0+", "", "C", 59.06, 59.06, 0, 270]
	]
}
}