{
"lengthUnit": "mil",
"components": {
	"fields": ["COMPONENT_NO", "COMPONENT_NAME", "LAYER", "X_COORDINATE", "Y_COORDINATE", "ANGLE"],
	"rows": [
		[1, "C1", "B", -396.39, 1168.92, 90],
		[2, "C2", "B", -462.32, 1168.92, 90],
		[3, "C3", "B", -643.3, 1169.28, 90],
		[4, "C4", "T", 916.84, 148.6, 0],
		[5, "C5", "T", 541, 450, 270],
		[6, "C6", "T", 433.07, 1190.57, 270],
		[7, "C7", "T", 503.94, 1190.57, 270],
		[8, "C8", "T", 578.74, 1192.04, 90],
		[9, "C10", "T", 273, -604.5, 270],
		[10, "C11", "T", 650.97, -604.5, 90],
		[11, "C12", "T", 662.6, 408.58, 0],
		[12, "C13", "T", -845, 1039.02, 180],
		[13, "C15", "T", 901.58, 1122.05, 270],
		[14, "C16", "T", 850.39, 964.57, 0],
		[15, "C17", "B", -649.44, 647.2, 180],
		[16, "C18", "B", -649.44, 714.19, 0],
		[17, "C19", "B", -653.64, 179.39, 90],
		[18, "C20", "B", -723.48, 178.78, 270],
		[19, "C21", "B", -933.41, 179.39, 90],
		[20, "C22", "T", 70.87, 429.13, 270],
		[21, "C23", "B", -1003.25, 178.78, 270],
		[22, "C24", "T", 666, 1351, 0],
		[23, "C25", "T", -840, 911, 180],
		[24, "CN1", "T", 1350.39, -468.5, 270],
		[25, "D1", "T", 456.69, 470.47, 90],
		[26, "D2", "B", 229, -444, 180],
		[27, "D3", "B", -42.9, -612.26, 0],
		[28, "D4", "T", 562.99, 874.02, 90],
		[29, "D5", "B", -686.74, 354.93, 180],
		[30, "D6", "B", -686.74, 290.35, 0],
		[31, "D7", "B", -969.25, 354.93, 180],
		[32, "D8", "B", -969.25, 290.35, 0],
		[33, "D9", "T", 342, 1057, 90],
		[34, "D10", "T", 395, 972, 90],
		[35, "D11", "T", 336, 1178, 270],
		[36, "D12", "T", 41.99, 917, 0],
		[37, "D13", "T", 134.24, 917, 180],
		[38, "F1", "T", -1098.43, -547.24, 90],
		[39, "L1", "B", -553.81, 1196.48, 180],
		[40, "L2", "T", 460.52, -590.22, 270],
		[41, "L3", "T", 814.96, 665.35, 0],
		[42, "L4", "T", -562.99, -535.43, 180],
		[43, "LED1", "B", 480.32, 1496.06, 0],
		[44, "P1", "T", -1448.82, -468.5, 270],
		[45, "Q1", "T", 714, 1163, 180],
		[46, "Q2", "T", 464, 1348.81, 270],
		[47, "R1", "T", 541.13, 293.5, 90],
		[48, "R2", "B", -177, 1134, 90],
		[49, "R3", "T", 3.9, -471.9, 0],
		[50, "R4", "B", 460.2, -588.9, 270],
		[51, "R5", "T", 710.79, 272.86, 90],
		[52, "R6", "T", 622.05, 293.5, 270],
		[53, "R7", "B", -1265.31, -468.5, 90],
		[54, "R8", "T", 984.49, 1133.86, 270],
		[55, "R9", "T", -192.91, 771.65, 180],
		[56, "R10", "T", -192.91, 811.02, 180],
		[57, "R11", "B", -255, 1134, 270],
		[58, "R12", "B", -216, 1134, 90],
		[59, "R13", "B", -622, 537.38, 270],
		[60, "R14", "B", -677, 550, 90],
		[61, "R15", "B", 416.52, 1438, 180],
		[62, "R16", "T", 354.18, 1300.18, 0],
		[63, "R17", "B", -587.53, 179.09, 90],
		[64, "R18", "T", 353.82, 1250.18, 0],
		[65, "R19", "B", -748.03, 39.37, 0],
		[66, "R20", "B", 536.11, 1438, 0],
		[67, "R21", "B", -789.59, 179.09, 90],
		[68, "R22", "B", -734.41, 858, 180],
		[69, "R23", "B", -760, 920, 180],
		[70, "R24", "B", -867.3, 179.09, 90],
		[71, "R25", "B", -787.8, -651.4, 270],
		[72, "R26", "B", -696.98, -681.06, 0],
		[73, "R27", "B", -574.97, -681.06, 0],
		[74, "R28", "B", -452.95, -681.06, 0],
		[75, "R29", "B", -330.93, -681.06, 0],
		[76, "R30", "B", -969.25, 39.37, 0],
		[77, "R31", "T", 51.18, 543.31, 270],
		[78, "R32", "B", -1069.36, 179.09, 90],
		[79, "R33", "T", 3.94, 543.31, 270],
		[80, "R34", "T", -74.8, 543.31, 270],
		[81, "R35", "T", -45.04, 969, 0],
		[82, "R36", "T", 261.04, 972, 180],
		[83, "R37", "T", -138, 1195.42, 90],
		[84, "SW1", "T", 704.72, 1456.69, 0],
		[85, "SW2", "T", -766, 804, 0],
		[86, "U1", "T", -488, 1103, 0],
		[87, "U2", "T", 916.84, 306.08, 270],
		[88, "U3", "B", -815.25, 659, 180],
		[89, "U4", "T", 481, 1496, 0],
		[90, "U5", "T", -34.34, 433.04, 0],
		[91, "USB1", "T", 108, 1130, 180],
		[92, "PAD1", "T", 826.77, -67.97, 0],
		[93, "PAD2", "B", 826.77, -67.97, 0],
		[94, "PAD3", "B", -755.91, -78.74, 0],
		[95, "PAD4", "B", -972.44, -78.74, 0],
		[96, "PAD5", "T", -972.44, -80.71, 0],
		[97, "PAD6", "T", -755.91, -80.71, 0],
		[98, "PAD7", "B", -972.44, -224.41, 0],
		[99, "PAD8", "B", -755.91, -224.41, 0],
		[100, "PAD9", "B", -972.44, -342.52, 0],
		[101, "PAD10", "B", 832.68, -224.41, 0],
		[102, "PAD11", "B", 832.68, -342.52, 0]
	]
},
"pins": {
	"fields": ["PIN_NO", "PIN_NAME", "PIN_X", "PIN_Y", "LAYER", "PIN_TYPE", "NET_NAME", "NET_TYPE", "PAD_SHAPE", "PAD_SIZEX", "PAD_SIZEY", "HOLE_SIZE", "PAD_ANGLE"],
	"rows": [
		[1, "C1_1", -396.39, 1141.36, "B", "SMD", "GND", "GND", "R", 31.5, 35.43, 0, 90],
		[2, "C1_2", -396.39, 1196.48, "B", "SMD", "3V3", "", "R", 31.5, 35.43, 0, 90],
		[3, "C2_1", -462.32, 1141.36, "B", "SMD", "GND", "GND", "R", 31.5, 35.43, 0, 90],
		[4, "C2_2", -462.32, 1196.48, "B", "SMD", "3V3", "", "R", 31.5, 35.43, 0, 90],
		[5, "C3_1", -643.3, 1141.72, "B", "SMD", "GND", "GND", "R", 31.5, 35.43, 0, 90],
		[6, "C3_2", -643.3, 1196.84, "B", "SMD", "$1N85419", "", "R", 31.5, 35.43, 0, 90],
		[7, "C4_1", 854.14, 148.6, "T", "SMD", "CS", "", "R", 58.47, 68.03, 0, 0],
		[8, "C4_2", 979.54, 148.6, "T", "SMD", "DRAIN", "", "R", 58.47, 68.03, 0, 0],
		[9, "C5_1", 541, 490.55, "T", "SMD", "PWM", "", "R", 55.51, 53.15, 0, 270],
		[10, "C5_2", 541, 409.45, "T", "SMD", "$1N86448", "", "R", 55.51, 53.15, 0, 270],
		[11, "C6_1", 433.07, 1218.13, "T", "SMD", "GND", "GND", "R", 31.5, 35.43, 0, 270],
		[12, "C6_2", 433.07, 1163.01, "T", "SMD", "3V3", "", "R", 31.5, 35.43, 0, 270],
		[13, "C7_1", 503.94, 1218.13, "T", "SMD", "GND", "GND", "R", 31.5, 35.43, 0, 270],
		[14, "C7_2", 503.94, 1163.01, "T", "SMD", "3V3", "", "R", 31.5, 35.43, 0, 270],
		[15, "C8_1", 578.74, 1144.8, "T", "SMD", "3V3", "", "R", 59.05, 53.5, 0, 90],
		[16, "C8_2", 578.74, 1239.28, "T", "SMD", "GND", "GND", "R", 59.05, 53.5, 0, 90],
		[17, "C10_1", 273, -555.29, "T", "DIP", "$1N94519", "", "C", 59.05, 59.05, 35.43, 270],
		[18, "C10_1", 273, -555.29, "B", "DIP", "$1N94519", "", "C", 59.05, 59.05, 35.43, 270],
		[19, "C10_2", 273, -653.71, "T", "DIP", "GND", "GND", "C", 59.05, 59.05, 35.43, 270],
		[20, "C10_2", 273, -653.71, "B", "DIP", "GND", "GND", "C", 59.05, 59.05, 35.43, 270],
		[21, "C11_1", 650.97, -653.71, "T", "DIP", "DRAIN", "", "C", 59.05, 59.05, 35.43, 90],
		[22, "C11_1", 650.97, -653.71, "B", "DIP", "DRAIN", "", "C", 59.05, 59.05, 35.43, 90],
		[23, "C11_2", 650.97, -555.29, "T", "DIP", "GND", "GND", "C", 59.05, 59.05, 35.43, 90],
		[24, "C11_2", 650.97, -555.29, "B", "DIP", "GND", "GND", "C", 59.05, 59.05, 35.43, 90],
		[25, "C12_1", 622.05, 408.58, "T", "SMD", "PWM", "", "R", 55.51, 53.15, 0, 0],
		[26, "C12_2", 703.15, 408.58, "T", "SMD", "$1N86450", "", "R", 55.51, 53.15, 0, 0],
		[27, "C13_1", -817.44, 1039.02, "T", "SMD", "ESP_EN", "", "R", 31.5, 35.43, 0, 180],
		[28, "C13_2", -872.56, 1039.02, "T", "SMD", "GND", "GND", "R", 31.5, 35.43, 0, 180],
		[29, "C15_1", 901.58, 1149.61, "T", "SMD", "GND", "GND", "R", 31.5, 35.43, 0, 270],
		[30, "C15_2", 901.58, 1094.49, "T", "SMD", "+5V", "", "R", 31.5, 35.43, 0, 270],
		[31, "C16_1", 984.49, 964.57, "T", "SMD", "+5V", "", "R", 86.02, 148.82, 0, 180],
		[32, "C16_2", 716.29, 964.57, "T", "SMD", "GND", "GND", "R", 86.02, 148.82, 0, 180],
		[33, "C17_1", -621.88, 647.2, "B", "SMD", "GND", "GND", "R", 31.5, 35.43, 0, 180],
		[34, "C17_2", -677, 647.2, "B", "SMD", "3V3", "", "R", 31.5, 35.43, 0, 180],
		[35, "C18_1", -677, 714.19, "B", "SMD", "3V3", "", "R", 31.5, 35.43, 0, 0],
		[36, "C18_2", -621.88, 714.19, "B", "SMD", "GND", "GND", "R", 31.5, 35.43, 0, 0],
		[37, "C19_1", -653.64, 151.83, "B", "SMD", "GND", "GND", "R", 31.5, 35.43, 0, 90],
		[38, "C19_2", -653.64, 206.95, "B", "SMD", "IP2", "", "R", 31.5, 35.43, 0, 90],
		[39, "C20_1", -723.48, 206.34, "B", "SMD", "IN2", "", "R", 31.5, 35.43, 0, 270],
		[40, "C20_2", -723.48, 151.22, "B", "SMD", "GND", "GND", "R", 31.5, 35.43, 0, 270],
		[41, "C21_1", -933.41, 151.83, "B", "SMD", "GND", "GND", "R", 31.5, 35.43, 0, 90],
		[42, "C21_2", -933.41, 206.95, "B", "SMD", "VP1", "", "R", 31.5, 35.43, 0, 90],
		[43, "C22_1", 70.87, 456.69, "T", "SMD", "$1N94058", "", "R", 31.5, 35.43, 0, 270],
		[44, "C22_2", 70.87, 401.57, "T", "SMD", "GND", "GND", "R", 31.5, 35.43, 0, 270],
		[45, "C23_1", -1003.25, 206.34, "B", "SMD", "VN1", "", "R", 31.5, 35.43, 0, 270],
		[46, "C23_2", -1003.25, 151.22, "B", "SMD", "GND", "GND", "R", 31.5, 35.43, 0, 270],
		[47, "C24_1", 638.44, 1351, "T", "SMD", "ESP_EN", "", "R", 31.5, 35.43, 0, 0],
		[48, "C24_2", 693.56, 1351, "T", "SMD", "GND", "GND", "R", 31.5, 35.43, 0, 0],
		[49, "C25_1", -812.44, 911, "T", "SMD", "ESP_IO9", "", "R", 31.5, 35.43, 0, 180],
		[50, "C25_2", -867.56, 911, "T", "SMD", "GND", "GND", "R", 31.5, 35.43, 0, 180],
		[51, "CN1_1", 1190.94, -350.39, "T", "SMD", "IP1", "", "R", 118.11, 55.12, 0, 270],
		[52, "CN1_2", 1509.84, -586.61, "T", "SMD", "IP1", "", "R", 118.11, 55.12, 0, 270],
		[53, "CN1_3", 1391.73, -586.61, "T", "SMD", "CN1_3", "", "R", 118.11, 55.12, 0, 270],
		[54, "CN1_4", 1234.25, -586.61, "T", "SMD", "IN1", "", "R", 118.11, 55.12, 0, 270],
		[55, "D1_1", 456.69, 409.45, "T", "SMD", "$1N86448", "", "R", 39.37, 47.24, 0, 90],
		[56, "D1_2", 456.69, 531.49, "T", "SMD", "+5V", "", "R", 39.37, 47.24, 0, 90],
		[57, "D2_1", 292, -444, "B", "SMD", "$1N94519", "", "R", 47.24, 47.24, 0, 180],
		[58, "D2_2", 166, -444, "B", "SMD", "$1N94503", "", "R", 47.24, 47.24, 0, 180],
		[59, "D3_1", -105.9, -612.26, "B", "SMD", "L", "", "R", 47.24, 47.24, 0, 0],
		[60, "D3_2", 20.09, -612.26, "B", "SMD", "GND", "GND", "R", 47.24, 47.24, 0, 0],
		[61, "D4_1", 562.99, 805.71, "T", "SMD", "PWM", "", "R", 47.24, 45.28, 0, 90],
		[62, "D4_2", 562.99, 942.32, "T", "SMD", "GND", "GND", "R", 47.24, 45.28, 0, 90],
		[63, "D5_1", -640.58, 354.93, "B", "SMD", "IP2", "", "R", 39.37, 29.53, 0, 180],
		[64, "D5_2", -732.91, 354.93, "B", "SMD", "IN2", "", "R", 39.37, 29.53, 0, 180],
		[65, "D6_1", -732.91, 290.35, "B", "SMD", "IN2", "", "R", 39.37, 29.53, 0, 0],
		[66, "D6_2", -640.58, 290.35, "B", "SMD", "IP2", "", "R", 39.37, 29.53, 0, 0],
		[67, "D7_1", -923.08, 354.93, "B", "SMD", "VP1", "", "R", 39.37, 29.53, 0, 180],
		[68, "D7_2", -1015.41, 354.93, "B", "SMD", "VN1", "", "R", 39.37, 29.53, 0, 180],
		[69, "D8_1", -1015.41, 290.35, "B", "SMD", "VN1", "", "R", 39.37, 29.53, 0, 0],
		[70, "D8_2", -923.08, 290.35, "B", "SMD", "VP1", "", "R", 39.37, 29.53, 0, 0],
		[71, "D9_1", 342, 1010.84, "T", "SMD", "+5V", "", "R", 39.37, 29.53, 0, 90],
		[72, "D9_2", 342, 1103.16, "T", "SMD", "VUSB", "", "R", 39.37, 29.53, 0, 90],
		[73, "D10_1", 395, 942.48, "T", "SMD", "GND", "GND", "R", 23.62, 15.75, 0, 90],
		[74, "D10_2", 395, 1001.53, "T", "SMD", "+5V", "", "R", 23.62, 15.75, 0, 270],
		[75, "D11_1", 336, 1207.53, "T", "SMD", "GND", "GND", "R", 23.62, 15.75, 0, 270],
		[76, "D11_2", 336, 1148.47, "T", "SMD", "VUSB", "", "R", 23.62, 15.75, 0, 90],
		[77, "D12_1", 12.47, 917, "T", "SMD", "GND", "GND", "R", 23.62, 15.75, 0, 0],
		[78, "D12_2", 71.52, 917, "T", "SMD", "USBDP", "", "R", 23.62, 15.75, 0, 180],
		[79, "D13_1", 163.77, 917, "T", "SMD", "GND", "GND", "R", 23.62, 15.75, 0, 180],
		[80, "D13_2", 104.72, 917, "T", "SMD", "USBDN", "", "R", 23.62, 15.75, 0, 0],
		[81, "F1_1", -1098.43, -645.66, "T", "SMD", "L", "", "R", 78.74, 125.98, 0, 90],
		[82, "F1_2", -1098.43, -448.82, "T", "SMD", "L_IN", "", "R", 78.74, 125.98, 0, 90],
		[83, "L1_1", -526.26, 1196.48, "B", "SMD", "3V3", "", "R", 31.5, 34.02, 0, 0],
		[84, "L1_2", -581.37, 1196.48, "B", "SMD", "$1N85419", "", "R", 31.5, 34.02, 0, 0],
		[85, "L2_1", 460.52, -491.79, "T", "DIP", "$1N94519", "", "C", 62.99, 62.99, 39.37, 270],
		[86, "L2_1", 460.52, -491.79, "B", "DIP", "$1N94519", "", "C", 62.99, 62.99, 39.37, 270],
		[87, "L2_2", 460.52, -688.64, "T", "DIP", "DRAIN", "", "C", 62.99, 62.99, 39.37, 270],
		[88, "L2_2", 460.52, -688.64, "B", "DIP", "DRAIN", "", "C", 62.99, 62.99, 39.37, 270],
		[89, "L3_1", 622.05, 665.35, "T", "SMD", "PWM", "", "R", 157.48, 196.85, 0, 0],
		[90, "L3_2", 1007.88, 665.35, "T", "SMD", "+5V", "", "R", 157.48, 196.85, 0, 0],
		[91, "L4_1", -238.19, -677.16, "T", "DIP", "$1N34811", "", "C", 60, 60, 36, 180],
		[92, "L4_1", -238.19, -677.16, "B", "DIP", "$1N34811", "", "C", 60, 60, 36, 180],
		[93, "L4_2", -238.19, -393.7, "T", "DIP", "N_IN", "", "C", 60, 60, 36, 180],
		[94, "L4_2", -238.19, -393.7, "B", "DIP", "N_IN", "", "C", 60, 60, 36, 180],
		[95, "L4_3", -887.79, -677.16, "T", "DIP", "VN", "", "C", 60, 60, 36, 180],
		[96, "L4_3", -887.79, -677.16, "B", "DIP", "VN", "", "C", 60, 60, 36, 180],
		[97, "L4_4", -887.79, -393.7, "T", "DIP", "VP", "", "C", 60, 60, 36, 180],
		[98, "L4_4", -887.79, -393.7, "B", "DIP", "VP", "", "C", 60, 60, 36, 180],
		[99, "LED1_1", 407.48, 1496.06, "B", "SMD", "$1N99612", "", "R", 62.99, 43.31, 0, 0],
		[100, "LED1_2", 553.15, 1496.06, "B", "SMD", "3V3", "", "R", 62.99, 43.31, 0, 0],
		[101, "P1_1", -1448.82, -369.9, "T", "DIP", "N_IN", "", "C", 78.74, 78.74, 47.24, 270],
		[102, "P1_1", -1448.82, -369.9, "B", "DIP", "N_IN", "", "C", 78.74, 78.74, 47.24, 270],
		[103, "P1_2", -1448.82, -567.1, "T", "DIP", "L_IN", "", "C", 78.74, 78.74, 47.24, 270],
		[104, "P1_2", -1448.82, -567.1, "B", "DIP", "L_IN", "", "C", 78.74, 78.74, 47.24, 270],
		[105, "Q1_1", 660.61, 1222.06, "T", "SMD", "GND", "GND", "R", 62.01, 26.46, 0, 180],
		[106, "Q1_2", 767.4, 1163.01, "T", "SMD", "3V3", "", "P", 211.68, 74.8, 0, 180],
		[107, "Q1_3", 660.61, 1103.94, "T", "SMD", "+5V", "", "R", 62.01, 26.46, 0, 180],
		[108, "Q2_1", 426.6, 1300.18, "T", "SMD", "$1N6046", "", "R", 42.13, 23.62, 0, 270],
		[109, "Q2_2", 501.4, 1300.18, "T", "SMD", "GND", "GND", "R", 42.13, 23.62, 0, 270],
		[110, "Q2_3", 464, 1397.43, "T", "SMD", "$1N99610", "", "R", 42.13, 23.62, 0, 270],
		[111, "R1_1", 541.13, 254.13, "T", "SMD", "FB", "", "R", 44.59, 54.21, 0, 90],
		[112, "R1_2", 541.13, 332.87, "T", "SMD", "$1N86448", "", "R", 44.59, 54.21, 0, 90],
		[113, "R2_1", -177, 1116.96, "B", "SMD", "ESP_EN", "", "R", 22.27, 21.26, 0, 90],
		[114, "R2_2", -177, 1151.04, "B", "SMD", "3V3", "", "R", 22.27, 21.26, 0, 90],
		[115, "R3_1", -94.52, -471.9, "T", "DIP", "N_IN", "", "C", 62.99, 62.99, 39.37, 0],
		[116, "R3_1", -94.52, -471.9, "B", "DIP", "N_IN", "", "C", 62.99, 62.99, 39.37, 0],
		[117, "R3_2", 102.33, -471.9, "T", "DIP", "$1N94503", "", "C", 62.99, 62.99, 39.37, 0],
		[118, "R3_2", 102.33, -471.9, "B", "DIP", "$1N94503", "", "C", 62.99, 62.99, 39.37, 0],
		[119, "R4_1", 460.2, -559.24, "B", "SMD", "$1N94519", "", "R", 31.75, 34.02, 0, 270],
		[120, "R4_2", 460.2, -618.56, "B", "SMD", "DRAIN", "", "R", 31.75, 34.02, 0, 270],
		[121, "R5_1", 710.79, 214.64, "T", "SMD", "CS", "", "R", 47.54, 66.97, 0, 90],
		[122, "R5_2", 710.79, 331.08, "T", "SMD", "PWM", "", "R", 47.54, 66.97, 0, 90],
		[123, "R6_1", 622.05, 332.87, "T", "SMD", "PWM", "", "R", 44.59, 54.21, 0, 270],
		[124, "R6_2", 622.05, 254.13, "T", "SMD", "FB", "", "R", 44.59, 54.21, 0, 270],
		[125, "R7_1", -1265.31, -616.14, "B", "SMD", "L", "", "R", 118.11, 137.79, 0, 90],
		[126, "R7_2", -1265.31, -320.86, "B", "SMD", "N_IN", "", "R", 118.11, 137.79, 0, 90],
		[127, "R8_1", 984.49, 1173.23, "T", "SMD", "GND", "GND", "R", 44.59, 54.21, 0, 270],
		[128, "R8_2", 984.49, 1094.49, "T", "SMD", "+5V", "", "R", 44.59, 54.21, 0, 270],
		[129, "R9_1", -175.87, 771.65, "T", "SMD", "USBDN", "", "R", 22.27, 21.26, 0, 180],
		[130, "R9_2", -209.95, 771.65, "T", "SMD", "EDN", "", "R", 22.27, 21.26, 0, 180],
		[131, "R10_1", -175.87, 811.02, "T", "SMD", "USBDP", "", "R", 22.27, 21.26, 0, 180],
		[132, "R10_2", -209.95, 811.02, "T", "SMD", "EDP", "", "R", 22.27, 21.26, 0, 180],
		[133, "R11_1", -255, 1151.04, "B", "SMD", "3V3", "", "R", 22.27, 21.26, 0, 270],
		[134, "R11_2", -255, 1116.96, "B", "SMD", "$1N85397", "", "R", 22.27, 21.26, 0, 270],
		[135, "R12_1", -216, 1116.96, "B", "SMD", "ESP_IO9", "", "R", 22.27, 21.26, 0, 90],
		[136, "R12_2", -216, 1151.04, "B", "SMD", "3V3", "", "R", 22.27, 21.26, 0, 90],
		[137, "R13_1", -622, 554.42, "B", "SMD", "GND", "GND", "R", 22.27, 21.26, 0, 270],
		[138, "R13_2", -622, 520.34, "B", "SMD", "$1N2408", "", "R", 22.27, 21.26, 0, 270],
		[139, "R14_1", -677, 520.34, "B", "SMD", "$1N2408", "", "R", 31.75, 34.02, 0, 90],
		[140, "R14_2", -677, 579.66, "B", "SMD", "3V3", "", "R", 31.75, 34.02, 0, 90],
		[141, "R15_1", 433.56, 1438, "B", "SMD", "$1N99610", "", "R", 22.27, 21.26, 0, 180],
		[142, "R15_2", 399.48, 1438, "B", "SMD", "$1N99612", "", "R", 22.27, 21.26, 0, 180],
		[143, "R16_1", 337.14, 1300.18, "T", "SMD", "LED_LINK", "", "R", 22.27, 21.26, 0, 0],
		[144, "R16_2", 371.22, 1300.18, "T", "SMD", "$1N6046", "", "R", 22.27, 21.26, 0, 0],
		[145, "R17_1", -587.53, 149.43, "B", "SMD", "IP1", "", "R", 31.75, 34.02, 0, 90],
		[146, "R17_2", -587.53, 208.75, "B", "SMD", "IP2", "", "R", 31.75, 34.02, 0, 90],
		[147, "R18_1", 336.78, 1250.18, "T", "SMD", "GND", "GND", "R", 22.27, 21.26, 0, 0],
		[148, "R18_2", 370.86, 1250.18, "T", "SMD", "$1N6046", "", "R", 22.27, 21.26, 0, 0],
		[149, "R19_1", -777.69, 39.37, "B", "SMD", "IN1", "", "R", 31.75, 34.02, 0, 0],
		[150, "R19_2", -718.37, 39.37, "B", "SMD", "IP1", "", "R", 31.75, 34.02, 0, 0],
		[151, "R20_1", 519.07, 1438, "B", "SMD", "GND", "GND", "R", 22.27, 21.26, 0, 0],
		[152, "R20_2", 553.15, 1438, "B", "SMD", "$1N99608", "", "R", 22.27, 21.26, 0, 0],
		[153, "R21_1", -789.59, 149.43, "B", "SMD", "IN1", "", "R", 31.75, 34.02, 0, 90],
		[154, "R21_2", -789.59, 208.75, "B", "SMD", "IN2", "", "R", 31.75, 34.02, 0, 90],
		[155, "R22_1", -704.75, 858, "B", "SMD", "3V3", "", "R", 31.75, 34.02, 0, 180],
		[156, "R22_2", -764.07, 858, "B", "SMD", "BL0940_TX", "", "R", 31.75, 34.02, 0, 180],
		[157, "R23_1", -730.34, 920, "B", "SMD", "3V3", "", "R", 31.75, 34.02, 0, 180],
		[158, "R23_2", -789.66, 920, "B", "SMD", "BL0940_RX", "", "R", 31.75, 34.02, 0, 180],
		[159, "R24_1", -867.3, 149.43, "B", "SMD", "VP", "", "R", 31.75, 34.02, 0, 90],
		[160, "R24_2", -867.3, 208.75, "B", "SMD", "VP1", "", "R", 31.75, 34.02, 0, 90],
		[161, "R25_1", -787.8, -621.74, "B", "SMD", "L", "", "R", 31.75, 34.02, 0, 270],
		[162, "R25_2", -787.8, -681.06, "B", "SMD", "$1N10205", "", "R", 31.75, 34.02, 0, 270],
		[163, "R26_1", -726.64, -681.06, "B", "SMD", "$1N10205", "", "R", 31.75, 34.02, 0, 0],
		[164, "R26_2", -667.32, -681.06, "B", "SMD", "$1N10203", "", "R", 31.75, 34.02, 0, 0],
		[165, "R27_1", -604.63, -681.06, "B", "SMD", "$1N10203", "", "R", 31.75, 34.02, 0, 0],
		[166, "R27_2", -545.31, -681.06, "B", "SMD", "$1N10201", "", "R", 31.75, 34.02, 0, 0],
		[167, "R28_1", -482.61, -681.06, "B", "SMD", "$1N10201", "", "R", 31.75, 34.02, 0, 0],
		[168, "R28_2", -423.29, -681.06, "B", "SMD", "$1N10199", "", "R", 31.75, 34.02, 0, 0],
		[169, "R29_1", -360.59, -681.06, "B", "SMD", "$1N10199", "", "R", 31.75, 34.02, 0, 0],
		[170, "R29_2", -301.27, -681.06, "B", "SMD", "$1N34811", "", "R", 31.75, 34.02, 0, 0],
		[171, "R30_1", -998.91, 39.37, "B", "SMD", "VN", "", "R", 31.75, 34.02, 0, 0],
		[172, "R30_2", -939.59, 39.37, "B", "SMD", "VP", "", "R", 31.75, 34.02, 0, 0],
		[173, "R31_1", 51.18, 560.35, "T", "SMD", "3V3", "", "R", 22.27, 21.26, 0, 270],
		[174, "R31_2", 51.18, 526.27, "T", "SMD", "$1N94058", "", "R", 22.27, 21.26, 0, 270],
		[175, "R32_1", -1069.36, 149.43, "B", "SMD", "VN", "", "R", 31.75, 34.02, 0, 90],
		[176, "R32_2", -1069.36, 208.75, "B", "SMD", "VN1", "", "R", 31.75, 34.02, 0, 90],
		[177, "R33_1", 3.94, 560.35, "T", "SMD", "3V3", "", "R", 22.27, 21.26, 0, 270],
		[178, "R33_2", 3.94, 526.27, "T", "SMD", "SCL", "", "R", 22.27, 21.26, 0, 270],
		[179, "R34_1", -74.8, 560.35, "T", "SMD", "3V3", "", "R", 22.27, 21.26, 0, 270],
		[180, "R34_2", -74.8, 526.27, "T", "SMD", "SDA", "", "R", 22.27, 21.26, 0, 270],
		[181, "R35_1", -62.08, 969, "T", "SMD", "GND", "GND", "R", 22.27, 21.26, 0, 0],
		[182, "R35_2", -28, 969, "T", "SMD", "CC1", "", "R", 22.27, 21.26, 0, 0],
		[183, "R36_1", 278.08, 972, "T", "SMD", "GND", "GND", "R", 22.27, 21.26, 0, 180],
		[184, "R36_2", 244, 972, "T", "SMD", "CC2", "", "R", 22.27, 21.26, 0, 180],
		[185, "R37_1", -138, 1165.76, "T", "SMD", "GND", "GND", "R", 31.75, 34.02, 0, 90],
		[186, "R37_2", -138, 1225.08, "T", "SMD", "SHIELD", "", "R", 31.75, 34.02, 0, 90],
		[187, "SW1_1", 637.79, 1418.31, "T", "SMD", "ESP_EN", "", "R", 47.24, 23.62, 0, 90],
		[188, "SW1_2", 771.65, 1418.31, "T", "SMD", "GND", "GND", "R", 47.24, 23.62, 0, 90],
		[189, "SW1_3", 622.04, 1495.08, "T", "SMD", "GND", "GND", "R", 51.18, 47.24, 0, 270],
		[190, "SW1_4", 787.4, 1495.08, "T", "SMD", "GND", "GND", "R", 51.18, 51.18, 0, 270],
		[191, "SW2_1", -854.58, 804, "T", "SMD", "GND", "GND", "R", 53.15, 78.74, 0, 0],
		[192, "SW2_2", -677.42, 804, "T", "SMD", "ESP_IO9", "", "R", 53.15, 78.74, 0, 0],
		[193, "U1_1", -720.29, 1259.5, "T", "SMD", "GND", "GND", "R", 31.5, 15.75, 0, 0],
		[194, "U1_2", -720.29, 1228, "T", "SMD", "GND", "GND", "R", 31.5, 15.75, 0, 0],
		[195, "U1_3", -720.29, 1196.5, "T", "SMD", "$1N85419", "", "R", 31.5, 15.75, 0, 0],
		[196, "U1_4", -720.29, 1165.01, "T", "SMD", "U1_4", "", "R", 31.5, 15.75, 0, 0],
		[197, "U1_5", -720.29, 1133.51, "T", "SMD", "U1_5", "", "R", 31.5, 15.75, 0, 0],
		[198, "U1_6", -720.29, 1102.02, "T", "SMD", "ZCD", "", "R", 31.5, 15.75, 0, 0],
		[199, "U1_7", -720.29, 1070.52, "T", "SMD", "U1_7", "", "R", 31.5, 15.75, 0, 0],
		[200, "U1_8", -720.29, 1039.02, "T", "SMD", "ESP_EN", "", "R", 31.5, 15.75, 0, 0],
		[201, "U1_9", -720.29, 1007.53, "T", "SMD", "BL0940_RX", "", "R", 31.5, 15.75, 0, 0],
		[202, "U1_10", -720.29, 976.03, "T", "SMD", "BL0940_TX", "", "R", 31.5, 15.75, 0, 0],
		[203, "U1_11", -720.29, 944.53, "T", "SMD", "GND", "GND", "R", 31.5, 15.75, 0, 0],
		[204, "U1_12", -676.98, 910.09, "T", "SMD", "IO0_BUTTON", "", "R", 31.5, 15.75, 0, 270],
		[205, "U1_13", -645.49, 910.09, "T", "SMD", "U1_13", "", "R", 31.5, 15.75, 0, 270],
		[206, "U1_14", -613.99, 910.09, "T", "SMD", "GND", "GND", "R", 31.5, 15.75, 0, 270],
		[207, "U1_15", -582.49, 910.09, "T", "SMD", "SDA", "", "R", 31.5, 15.75, 0, 270],
		[208, "U1_16", -551, 910.09, "T", "SMD", "SCL", "", "R", 31.5, 15.75, 0, 270],
		[209, "U1_17", -519.5, 910.09, "T", "SMD", "EDN", "", "R", 31.5, 15.75, 0, 270],
		[210, "U1_18", -488.01, 910.09, "T", "SMD", "EDP", "", "R", 31.5, 15.75, 0, 270],
		[211, "U1_19", -456.51, 910.09, "T", "SMD", "U1_19", "", "R", 31.5, 15.75, 0, 270],
		[212, "U1_20", -425.01, 910.09, "T", "SMD", "U1_20", "", "R", 31.5, 15.75, 0, 270],
		[213, "U1_21", -393.52, 910.09, "T", "SMD", "U1_21", "", "R", 31.5, 15.75, 0, 270],
		[214, "U1_22", -362.02, 910.09, "T", "SMD", "$1N85397", "", "R", 31.5, 15.75, 0, 270],
		[215, "U1_23", -330.52, 910.09, "T", "SMD", "ESP_IO9", "", "R", 31.5, 15.75, 0, 270],
		[216, "U1_24", -299.03, 910.09, "T", "SMD", "U1_24", "", "R", 31.5, 15.75, 0, 270],
		[217, "U1_25", -255.72, 944.53, "T", "SMD", "U1_25", "", "R", 31.5, 15.75, 0, 0],
		[218, "U1_26", -255.72, 976.03, "T", "SMD", "U1_26", "", "R", 31.5, 15.75, 0, 0],
		[219, "U1_27", -255.72, 1007.53, "T", "SMD", "U1_27", "", "R", 31.5, 15.75, 0, 0],
		[220, "U1_28", -255.72, 1039.02, "T", "SMD", "LED_LINK", "", "R", 31.5, 15.75, 0, 0],
		[221, "U1_29", -255.72, 1070.52, "T", "SMD", "U1_29", "", "R", 31.5, 15.75, 0, 0],
		[222, "U1_30", -255.72, 1102.01, "T", "SMD", "U_RXD", "", "R", 31.5, 15.75, 0, 0],
		[223, "U1_31", -255.72, 1133.51, "T", "SMD", "U_TXD", "", "R", 31.5, 15.75, 0, 0],
		[224, "U1_32", -255.72, 1165.01, "T", "SMD", "U1_32", "", "R", 31.5, 15.75, 0, 0],
		[225, "U1_33", -255.72, 1196.5, "T", "SMD", "U1_33", "", "R", 31.5, 15.75, 0, 0],
		[226, "U1_34", -255.72, 1228, "T", "SMD", "U1_34", "", "R", 31.5, 15.75, 0, 0],
		[227, "U1_35", -255.72, 1259.5, "T", "SMD", "U1_35", "", "R", 31.5, 15.75, 0, 0],
		[228, "U1_36", -299.03, 1295.91, "T", "SMD", "GND", "GND", "R", 31.5, 15.75, 0, 270],
		[229, "U1_37", -330.52, 1295.91, "T", "SMD", "GND", "GND", "R", 31.5, 15.75, 0, 270],
		[230, "U1_38", -362.02, 1295.91, "T", "SMD", "GND", "GND", "R", 31.5, 15.75, 0, 270],
		[231, "U1_39", -393.52, 1295.91, "T", "SMD", "GND", "GND", "R", 31.5, 15.75, 0, 270],
		[232, "U1_40", -425.01, 1295.91, "T", "SMD", "GND", "GND", "R", 31.5, 15.75, 0, 270],
		[233, "U1_41", -456.51, 1295.91, "T", "SMD", "GND", "GND", "R", 31.5, 15.75, 0, 270],
		[234, "U1_42", -488, 1295.91, "T", "SMD", "GND", "GND", "R", 31.5, 15.75, 0, 270],
		[235, "U1_43", -519.5, 1295.91, "T", "SMD", "GND", "GND", "R", 31.5, 15.75, 0, 270],
		[236, "U1_44", -551, 1295.91, "T", "SMD", "GND", "GND", "R", 31.5, 15.75, 0, 270],
		[237, "U1_45", -582.49, 1295.91, "T", "SMD", "GND", "GND", "R", 31.5, 15.75, 0, 270],
		[238, "U1_46", -613.99, 1295.91, "T", "SMD", "GND", "GND", "R", 31.5, 15.75, 0, 270],
		[239, "U1_47", -645.48, 1295.91, "T", "SMD", "GND", "GND", "R", 31.5, 15.75, 0, 270],
		[240, "U1_48", -676.98, 1295.91, "T", "SMD", "GND", "GND", "R", 31.5, 15.75, 0, 270],
		[241, "U1_49", -487.02, 1104.97, "T", "SMD", "GND", "GND", "R", 57.09, 57.09, 0, 0],
		[242, "U1_49", -557.89, 1104.97, "T", "SMD", "GND", "GND", "R", 57.09, 57.09, 0, 0],
		[243, "U1_49", -557.89, 1175.84, "T", "SMD", "GND", "GND", "R", 57.09, 57.09, 0, 0],
		[244, "U1_49", -487.02, 1175.84, "T", "SMD", "GND", "GND", "R", 57.09, 57.09, 0, 0],
		[245, "U1_49", -416.16, 1175.84, "T", "SMD", "GND", "GND", "R", 57.09, 57.09, 0, 0],
		[246, "U1_49", -416.16, 1104.97, "T", "SMD", "GND", "GND", "R", 57.09, 57.09, 0, 0],
		[247, "U1_49", -557.89, 1034.11, "T", "SMD", "GND", "GND", "R", 57.09, 57.09, 0, 0],
		[248, "U1_49", -487.02, 1034.11, "T", "SMD", "GND", "GND", "R", 57.09, 57.09, 0, 0],
		[249, "U1_49", -416.16, 1034.11, "T", "SMD", "GND", "GND", "R", 57.09, 57.09, 0, 0],
		[250, "U1_50", -253.75, 1297.88, "T", "SMD", "GND", "GND", "R", 27.56, 27.56, 0, 0],
		[251, "U1_51", -253.75, 908.12, "T", "SMD", "GND", "GND", "R", 27.56, 27.56, 0, 0],
		[252, "U1_52", -722.26, 908.12, "T", "SMD", "GND", "GND", "R", 27.56, 27.56, 0, 0],
		[253, "U1_53", -722.26, 1297.88, "T", "SMD", "GND", "GND", "R", 27.56, 27.56, 0, 0],
		[254, "U2_1", 806.76, 381.08, "T", "SMD", "$1N86450", "", "O", 25.59, 80, 0, 270],
		[255, "U2_2", 806.76, 331.08, "T", "SMD", "PWM", "", "O", 25.59, 80, 0, 270],
		[256, "U2_3", 806.76, 281.08, "T", "SMD", "FB", "", "O", 25.59, 80, 0, 270],
		[257, "U2_4", 806.76, 231.08, "T", "SMD", "CS", "", "O", 25.59, 80, 0, 270],
		[258, "U2_5", 1026.92, 231.08, "T", "SMD", "DRAIN", "", "O", 25.59, 80, 0, 270],
		[259, "U2_6", 1026.92, 281.08, "T", "SMD", "DRAIN", "", "O", 25.59, 80, 0, 270],
		[260, "U2_7", 1026.92, 331.08, "T", "SMD", "DRAIN", "", "O", 25.59, 80, 0, 270],
		[261, "U2_8", 1026.92, 381.08, "T", "SMD", "DRAIN", "", "O", 25.59, 80, 0, 270],
		[262, "U3_1", -738.48, 548.76, "B", "SMD", "3V3", "", "R", 15.75, 66.93, 0, 180],
		[263, "U3_2", -764.07, 548.76, "B", "SMD", "$1N2408", "", "R", 15.75, 66.93, 0, 180],
		[264, "U3_3", -789.66, 548.76, "B", "SMD", "IP2", "", "R", 15.75, 66.93, 0, 180],
		[265, "U3_4", -815.25, 548.76, "B", "SMD", "IN2", "", "R", 15.75, 66.93, 0, 180],
		[266, "U3_5", -840.84, 548.76, "B", "SMD", "VP1", "", "R", 15.75, 66.93, 0, 180],
		[267, "U3_6", -866.43, 548.76, "B", "SMD", "VN1", "", "R", 15.75, 66.93, 0, 180],
		[268, "U3_7", -892.02, 548.76, "B", "SMD", "GND", "GND", "R", 15.75, 66.93, 0, 180],
		[269, "U3_8", -892.02, 769.24, "B", "SMD", "ZCD", "", "R", 15.75, 66.93, 0, 180],
		[270, "U3_9", -866.43, 769.24, "B", "SMD", "PM_CF", "", "R", 15.75, 66.93, 0, 180],
		[271, "U3_10", -840.84, 769.24, "B", "SMD", "GND", "GND", "R", 15.75, 66.93, 0, 180],
		[272, "U3_11", -815.25, 769.24, "B", "SMD", "U3_11", "", "R", 15.75, 66.93, 0, 180],
		[273, "U3_12", -789.66, 769.24, "B", "SMD", "BL0940_RX", "", "R", 15.75, 66.93, 0, 180],
		[274, "U3_13", -764.07, 769.24, "B", "SMD", "BL0940_TX", "", "R", 15.75, 66.93, 0, 180],
		[275, "U3_14", -738.48, 769.24, "B", "SMD", "U3_14", "", "R", 15.75, 66.93, 0, 180],
		[276, "U4_1", 408.17, 1496, "T", "SMD", "3V3", "", "R", 62.99, 43.31, 0, 0],
		[277, "U4_2", 553.83, 1496, "T", "SMD", "$1N99608", "", "R", 62.99, 43.31, 0, 0],
		[278, "U5_1", 5.03, 393.67, "T", "SMD", "U5_1", "", "R", 31.5, 19.68, 0, 180],
		[279, "U5_2", 5.03, 433.04, "T", "SMD", "$1N94058", "", "R", 31.5, 19.68, 0, 180],
		[280, "U5_3", 5.03, 472.41, "T", "SMD", "SCL", "", "R", 31.5, 19.68, 0, 180],
		[281, "U5_4", -73.71, 472.41, "T", "SMD", "SDA", "", "R", 31.5, 19.68, 0, 180],
		[282, "U5_5", -73.71, 433.04, "T", "SMD", "GND", "GND", "R", 31.5, 19.68, 0, 180],
		[283, "U5_6", -73.71, 393.67, "T", "SMD", "U5_6", "", "R", 31.5, 19.68, 0, 180],
		[284, "USB1_1", 278.08, 1060.51, "T", "DIP", "SHIELD", "", "O", 47.24, 78.74, 66.93, 180],
		[285, "USB1_1", 278.08, 1060.51, "B", "DIP", "SHIELD", "", "O", 47.24, 78.74, 66.93, 180],
		[286, "USB1_2", -62.08, 1060.51, "T", "DIP", "SHIELD", "", "O", 47.24, 78.74, 66.93, 180],
		[287, "USB1_2", -62.08, 1060.51, "B", "DIP", "SHIELD", "", "O", 47.24, 78.74, 66.93, 180],
		[288, "USB1_3", 278.08, 1225.08, "T", "DIP", "SHIELD", "", "O", 47.24, 70.87, 55.12, 180],
		[289, "USB1_3", 278.08, 1225.08, "B", "DIP", "SHIELD", "", "O", 47.24, 70.87, 55.12, 180],
		[290, "USB1_4", -62.08, 1225.08, "T", "DIP", "SHIELD", "", "O", 47.24, 70.87, 55.12, 180],
		[291, "USB1_4", -62.08, 1225.08, "B", "DIP", "SHIELD", "", "O", 47.24, 70.87, 55.12, 180],
		[292, "USB1_A1", 239.89, 1034.92, "T", "SMD", "GND", "GND", "R", 11.81, 51.18, 0, 180],
		[293, "USB1_A12", -23.89, 1034.92, "T", "SMD", "GND", "GND", "R", 11.81, 51.18, 0, 180],
		[294, "USB1_A4", 208.39, 1034.92, "T", "SMD", "VUSB", "", "R", 11.81, 51.18, 0, 180],
		[295, "USB1_A5", 157.21, 1034.92, "T", "SMD", "CC2", "", "R", 11.81, 51.18, 0, 180],
		[296, "USB1_A6", 117.84, 1034.92, "T", "SMD", "USBDP", "", "R", 11.81, 51.18, 0, 180],
		[297, "USB1_A7", 98.16, 1034.92, "T", "SMD", "USBDN", "", "R", 11.81, 51.18, 0, 180],
		[298, "USB1_A8", 58.8, 1034.92, "T", "SMD", "USB1_A8", "", "R", 11.81, 51.18, 0, 180],
		[299, "USB1_A9", 7.6, 1034.93, "T", "SMD", "VUSB", "", "R", 11.81, 51.18, 0, 180],
		[300, "USB1_B1", -12.08, 1034.92, "T", "SMD", "GND", "GND", "R", 11.81, 51.18, 0, 180],
		[301, "USB1_B12", 228.08, 1034.92, "T", "SMD", "GND", "GND", "R", 11.81, 51.18, 0, 180],
		[302, "USB1_B4", 19.42, 1034.93, "T", "SMD", "VUSB", "", "R", 11.81, 51.18, 0, 180],
		[303, "USB1_B5", 39.1, 1034.92, "T", "SMD", "CC1", "", "R", 11.81, 51.18, 0, 180],
		[304, "USB1_B6", 78.47, 1034.92, "T", "SMD", "USBDP", "", "R", 11.81, 51.18, 0, 180],
		[305, "USB1_B7", 137.53, 1034.92, "T", "SMD", "USBDN", "", "R", 11.81, 51.18, 0, 180],
		[306, "USB1_B8", 176.9, 1034.92, "T", "SMD", "USB1_B8", "", "R", 11.81, 51.18, 0, 180],
		[307, "USB1_B9", 196.58, 1034.92, "T", "SMD", "VUSB", "", "R", 11.81, 51.18, 0, 180],
		[308, "PAD1_2", 826.77, -67.97, "T", "SMD", "DRAIN", "", "R", 374.02, 120.08, 0, 0],
		[309, "PAD2_2", 826.77, -67.97, "B", "SMD", "GND", "GND", "R", 374.02, 120.08, 0, 0],
		[310, "PAD3_2", -755.91, -78.74, "B", "SMD", "IN1", "", "R", 157.48, 102.36, 0, 0],
		[311, "PAD4_2", -972.44, -78.74, "B", "SMD", "VN", "", "R", 157.48, 102.36, 0, 0],
		[312, "PAD5_2", -972.44, -80.71, "T", "SMD", "VP", "", "R", 157.48, 98.43, 0, 0],
		[313, "PAD6_2", -755.91, -80.71, "T", "SMD", "IP1", "", "R", 157.48, 98.43, 0, 0],
		[314, "PAD7_2", -972.44, -224.41, "B", "SMD", "VN", "", "R", 157.48, 47.24, 0, 0],
		[315, "PAD8_2", -755.91, -224.41, "B", "SMD", "IN1", "", "R", 157.48, 47.24, 0, 0],
		[316, "PAD9_2", -972.44, -342.52, "B", "SMD", "VP", "", "R", 157.48, 39.37, 0, 0],
		[317, "PAD10_2", 832.68, -224.41, "B", "SMD", "GND", "GND", "R", 381.89, 47.24, 0, 0],
		[318, "PAD11_2", 832.68, -342.52, "B", "SMD", "DRAIN", "", "R", 381.89, 39.37, 0, 0]
	]
}
}